Entity,Code,Year,Streptococcus non-pneumonia-non-meningitis deaths (aged under-5),Streptococcus meningitis deaths (aged under-5),Streptococcus pneumonia deaths (aged under-5)
Afghanistan,AFG,2000,499,1588,8257
Afghanistan,AFG,2001,508,1617,8415
Afghanistan,AFG,2002,510,1622,8520
Afghanistan,AFG,2003,510,1623,8598
Afghanistan,AFG,2004,506,1609,8603
Afghanistan,AFG,2005,496,1579,8534
Afghanistan,AFG,2006,488,1553,8493
Afghanistan,AFG,2007,475,1511,8394
Afghanistan,AFG,2008,460,1462,8267
Afghanistan,AFG,2009,442,1407,8113
Afghanistan,AFG,2010,424,1348,7920 
Afghanistan,AFG,2011,404,1286,7663
Afghanistan,AFG,2012,385,1223,7369
Afghanistan,AFG,2013,366,1164,7046
Afghanistan,AFG,2014,277,880,5496
Afghanistan,AFG,2015,210,667,4199
Albania,ALB,2000,5,5,72
Albania,ALB,2001,4,4,62
Albania,ALB,2002,3,4,53
Albania,ALB,2003,3,3,46
Albania,ALB,2004,2,3,40
Albania,ALB,2005,2,2,35
Albania,ALB,2006,2,2,30
Albania,ALB,2007,2,2,26
Albania,ALB,2008,1,2,23
Albania,ALB,2009,2,3,23
Albania,ALB,2010,2,2,23
Albania,ALB,2011,1,1,14
Albania,ALB,2012,1,1,12
Albania,ALB,2013,1,1,11
Albania,ALB,2014,1,1,11
Albania,ALB,2015,1,1,9
Algeria,DZA,2000,96,107,1054
Algeria,DZA,2001,91,102,1007
Algeria,DZA,2002,86,97,964
Algeria,DZA,2003,82,92,932
Algeria,DZA,2004,80,90,911
Algeria,DZA,2005,78,88,894
Algeria,DZA,2006,79,88,901
Algeria,DZA,2007,79,89,908
Algeria,DZA,2008,81,91,930
Algeria,DZA,2009,83,93,941
Algeria,DZA,2010,84,94,950
Algeria,DZA,2011,85,95,956
Algeria,DZA,2012,86,97,969
Algeria,DZA,2013,87,98,978
Algeria,DZA,2014,87,97,974
Algeria,DZA,2015,87,97,972
Andorra,AND,2000,0,0,0
Andorra,AND,2001,0,0,0
Andorra,AND,2002,0,0,0
Andorra,AND,2003,0,0,0
Andorra,AND,2004,0,0,0
Andorra,AND,2005,0,0,0
Andorra,AND,2006,0,0,0
Andorra,AND,2007,0,0,0
Andorra,AND,2008,0,0,0
Andorra,AND,2009,0,0,0
Andorra,AND,2010,0,0,0
Andorra,AND,2011,0,0,0
Andorra,AND,2012,0,0,0
Andorra,AND,2013,0,0,0
Andorra,AND,2014,0,0,0
Andorra,AND,2015,0,0,0
Angola,AGO,2000,410,1305,9355
Angola,AGO,2001,416,1322,9584
Angola,AGO,2002,430,1369,10074
Angola,AGO,2003,434,1381,10368
Angola,AGO,2004,438,1393,10743
Angola,AGO,2005,446,1418,11195
Angola,AGO,2006,454,1444,11687
Angola,AGO,2007,460,1464,12096
Angola,AGO,2008,467,1484,12432
Angola,AGO,2009,467,1487,12606
Angola,AGO,2010,469,1491,12681
Angola,AGO,2011,467,1484,12611
Angola,AGO,2012,461,1467,12462
Angola,AGO,2013,436,1387,11867
Angola,AGO,2014,360,1145,10033
Angola,AGO,2015,310,984,8704
Antigua and Barbuda,ATG,2000,0,0,0
Antigua and Barbuda,ATG,2001,0,0,0
Antigua and Barbuda,ATG,2002,0,1,0
Antigua and Barbuda,ATG,2003,0,0,0
Antigua and Barbuda,ATG,2004,0,0,0
Antigua and Barbuda,ATG,2005,0,0,0
Antigua and Barbuda,ATG,2006,0,0,0
Antigua and Barbuda,ATG,2007,0,0,0
Antigua and Barbuda,ATG,2008,0,0,0
Antigua and Barbuda,ATG,2009,0,0,0
Antigua and Barbuda,ATG,2010,0,0,0
Antigua and Barbuda,ATG,2011,0,0,0
Antigua and Barbuda,ATG,2012,0,0,0
Antigua and Barbuda,ATG,2013,0,0,0
Antigua and Barbuda,ATG,2014,0,0,0
Antigua and Barbuda,ATG,2015,0,0,0
Argentina,ARG,2000,87,98,350
Argentina,ARG,2001,79,88,363
Argentina,ARG,2002,85,96,349
Argentina,ARG,2003,100,113,549
Argentina,ARG,2004,101,114,398
Argentina,ARG,2005,91,102,320
Argentina,ARG,2006,87,98,340
Argentina,ARG,2007,73,82,398
Argentina,ARG,2008,74,84,342
Argentina,ARG,2009,72,81,418
Argentina,ARG,2010,80,90,309
Argentina,ARG,2011,59,66,314
Argentina,ARG,2012,55,62,238
Argentina,ARG,2013,37,42,190
Argentina,ARG,2014,33,37,163
Argentina,ARG,2015,32,36,154
Armenia,ARM,2000,6,7,52
Armenia,ARM,2001,6,6,49
Armenia,ARM,2002,5,6,46
Armenia,ARM,2003,5,6,45
Armenia,ARM,2004,5,6,43
Armenia,ARM,2005,5,6,40
Armenia,ARM,2006,5,5,37
Armenia,ARM,2007,4,5,35
Armenia,ARM,2008,4,5,32
Armenia,ARM,2009,4,4,29
Armenia,ARM,2010,5,6,28
Armenia,ARM,2011,7,7,27
Armenia,ARM,2012,6,7,25
Armenia,ARM,2013,5,6,22
Armenia,ARM,2014,5,5,20
Armenia,ARM,2015,4,4,16
Australia,AUS,2000,11,12,15
Australia,AUS,2001,16,18,21
Australia,AUS,2002,6,6,16
Australia,AUS,2003,11,13,22
Australia,AUS,2004,12,14,28
Australia,AUS,2005,8,9,18
Australia,AUS,2006,7,8,14
Australia,AUS,2007,4,4,13
Australia,AUS,2008,4,5,10
Australia,AUS,2009,2,2,11
Australia,AUS,2010,6,7,17
Australia,AUS,2011,4,4,9
Australia,AUS,2012,2,2,5
Australia,AUS,2013,2,2,5
Australia,AUS,2014,1,2,4
Australia,AUS,2015,1,2,4
Austria,AUT,2000,2,2,2
Austria,AUT,2001,2,2,4
Austria,AUT,2002,1,2,5
Austria,AUT,2003,2,3,2
Austria,AUT,2004,2,2,5
Austria,AUT,2005,2,2,1
Austria,AUT,2006,2,2,2
Austria,AUT,2007,0,1,2
Austria,AUT,2008,3,3,2
Austria,AUT,2009,3,3,2
Austria,AUT,2010,3,3,2
Austria,AUT,2011,1,1,4
Austria,AUT,2012,2,3,3
Austria,AUT,2013,3,3,1
Austria,AUT,2014,1,1,2
Austria,AUT,2015,2,2,2
Azerbaijan,AZE,2000,60,67,559
Azerbaijan,AZE,2001,51,57,485
Azerbaijan,AZE,2002,44,49,429
Azerbaijan,AZE,2003,38,43,388
Azerbaijan,AZE,2004,34,39,361
Azerbaijan,AZE,2005,31,35,337
Azerbaijan,AZE,2006,28,32,321
Azerbaijan,AZE,2007,26,29,305
Azerbaijan,AZE,2008,24,27,295
Azerbaijan,AZE,2009,23,26,288
Azerbaijan,AZE,2010,23,25,288
Azerbaijan,AZE,2011,23,26,294
Azerbaijan,AZE,2012,24,27,303
Azerbaijan,AZE,2013,24,27,313
Azerbaijan,AZE,2014,17,19,230
Azerbaijan,AZE,2015,12,14,163
Bahamas,BHS,2000,0,0,4
Bahamas,BHS,2001,0,1,3
Bahamas,BHS,2002,0,1,3
Bahamas,BHS,2003,0,0,2
Bahamas,BHS,2004,0,0,1
Bahamas,BHS,2005,0,0,2
Bahamas,BHS,2006,0,0,2
Bahamas,BHS,2007,0,0,3
Bahamas,BHS,2008,0,0,4
Bahamas,BHS,2009,0,0,4
Bahamas,BHS,2010,0,0,3
Bahamas,BHS,2011,0,0,3
Bahamas,BHS,2012,0,0,3
Bahamas,BHS,2013,0,0,2
Bahamas,BHS,2014,0,0,1
Bahamas,BHS,2015,0,0,1
Bahrain,BHR,2000,0,0,1
Bahrain,BHR,2001,0,0,3
Bahrain,BHR,2002,1,1,3
Bahrain,BHR,2003,1,1,3
Bahrain,BHR,2004,1,1,2
Bahrain,BHR,2005,1,1,2
Bahrain,BHR,2006,3,3,3
Bahrain,BHR,2007,2,3,3
Bahrain,BHR,2008,2,2,3
Bahrain,BHR,2009,1,1,3
Bahrain,BHR,2010,0,0,2
Bahrain,BHR,2011,1,1,1
Bahrain,BHR,2012,1,1,1
Bahrain,BHR,2013,1,1,0
Bahrain,BHR,2014,0,0,1
Bahrain,BHR,2015,0,0,1
Bangladesh,BGD,2000,834,2652,16671
Bangladesh,BGD,2001,781,2484,15795
Bangladesh,BGD,2002,697,2216,14261
Bangladesh,BGD,2003,1816,2040,13286
Bangladesh,BGD,2004,1662,1867,12289
Bangladesh,BGD,2005,1561,1754,11650
Bangladesh,BGD,2006,1414,1588,10654
Bangladesh,BGD,2007,1279,1436,9724
Bangladesh,BGD,2008,1141,1282,8777
Bangladesh,BGD,2009,1019,1145,7935
Bangladesh,BGD,2010,919,1032,7258
Bangladesh,BGD,2011,829,931,6629
Bangladesh,BGD,2012,759,853,6123
Bangladesh,BGD,2013,698,784,5655
Bangladesh,BGD,2014,649,729,5273
Bangladesh,BGD,2015,462,518,3886
Barbados,BRB,2000,1,1,0
Barbados,BRB,2001,0,1,0
Barbados,BRB,2002,0,0,1
Barbados,BRB,2003,0,0,1
Barbados,BRB,2004,0,0,1
Barbados,BRB,2005,0,0,1
Barbados,BRB,2006,0,0,2
Barbados,BRB,2007,0,0,1
Barbados,BRB,2008,0,0,1
Barbados,BRB,2009,0,0,0
Barbados,BRB,2010,0,0,0
Barbados,BRB,2011,0,0,0
Barbados,BRB,2012,0,0,0
Barbados,BRB,2013,0,0,0
Barbados,BRB,2014,0,0,0
Barbados,BRB,2015,0,0,0
Belarus,BLR,2000,4,4,45
Belarus,BLR,2001,3,4,39
Belarus,BLR,2002,3,3,35
Belarus,BLR,2003,3,3,31
Belarus,BLR,2004,3,3,29
Belarus,BLR,2005,2,3,26
Belarus,BLR,2006,2,3,24
Belarus,BLR,2007,2,2,21
Belarus,BLR,2008,2,2,18
Belarus,BLR,2009,2,3,17
Belarus,BLR,2010,2,2,15
Belarus,BLR,2011,2,2,13
Belarus,BLR,2012,2,2,13
Belarus,BLR,2013,2,2,12
Belarus,BLR,2014,2,2,11
Belarus,BLR,2015,1,2,10
Belgium,BEL,2000,9,10,3
Belgium,BEL,2001,11,12,2
Belgium,BEL,2002,7,8,8
Belgium,BEL,2003,7,8,4
Belgium,BEL,2004,9,11,2
Belgium,BEL,2005,8,9,8
Belgium,BEL,2006,9,10,3
Belgium,BEL,2007,8,9,7
Belgium,BEL,2008,5,6,4
Belgium,BEL,2009,5,6,6
Belgium,BEL,2010,2,3,6
Belgium,BEL,2011,3,4,4
Belgium,BEL,2012,3,3,0
Belgium,BEL,2013,2,2,2
Belgium,BEL,2014,1,2,2
Belgium,BEL,2015,1,1,1
Belize,BLZ,2000,1,1,8
Belize,BLZ,2001,2,2,7
Belize,BLZ,2002,3,4,11
Belize,BLZ,2003,1,1,9
Belize,BLZ,2004,2,2,9
Belize,BLZ,2005,0,0,5
Belize,BLZ,2006,0,0,9
Belize,BLZ,2007,1,1,2
Belize,BLZ,2008,0,0,3
Belize,BLZ,2009,0,0,3
Belize,BLZ,2010,1,1,4
Belize,BLZ,2011,0,0,1
Belize,BLZ,2012,1,1,8
Belize,BLZ,2013,2,2,3
Belize,BLZ,2014,1,1,4
Belize,BLZ,2015,1,1,4
Benin,BEN,2000,120,381,2211
Benin,BEN,2001,117,371,2164
Benin,BEN,2002,115,367,2148
Benin,BEN,2003,114,361,2122
Benin,BEN,2004,111,355,2086
Benin,BEN,2005,110,349,2057
Benin,BEN,2006,112,357,2107
Benin,BEN,2007,114,361,2136
Benin,BEN,2008,116,369,2188
Benin,BEN,2009,119,378,2245
Benin,BEN,2010,121,385,2294
Benin,BEN,2011,104,330,2014
Benin,BEN,2012,76,242,1539
Benin,BEN,2013,74,235,1464
Benin,BEN,2014,70,224,1369
Benin,BEN,2015,43,138,898
Bhutan,BTN,2000,3,11,78
Bhutan,BTN,2001,3,10,71
Bhutan,BTN,2002,8,9,64
Bhutan,BTN,2003,7,8,58
Bhutan,BTN,2004,6,7,52
Bhutan,BTN,2005,5,6,47
Bhutan,BTN,2006,5,6,43
Bhutan,BTN,2007,5,5,40
Bhutan,BTN,2008,4,5,37
Bhutan,BTN,2009,4,4,34
Bhutan,BTN,2010,3,4,31
Bhutan,BTN,2011,3,3,28
Bhutan,BTN,2012,3,3,25
Bhutan,BTN,2013,2,3,22
Bhutan,BTN,2014,2,2,20
Bhutan,BTN,2015,2,2,19
Bolivia,BOL,2000,39,123,1187
Bolivia,BOL,2001,37,116,1116
Bolivia,BOL,2002,96,108,1036
Bolivia,BOL,2003,88,99,955
Bolivia,BOL,2004,80,90,872
Bolivia,BOL,2005,73,82,801
Bolivia,BOL,2006,67,75,741
Bolivia,BOL,2007,62,69,688
Bolivia,BOL,2008,58,65,650
Bolivia,BOL,2009,55,62,613
Bolivia,BOL,2010,52,58,577
Bolivia,BOL,2011,48,54,542
Bolivia,BOL,2012,45,51,513
Bolivia,BOL,2013,42,47,481
Bolivia,BOL,2014,30,33,351
Bolivia,BOL,2015,20,23,245
Bosnia and Herzegovina,BIH,2000,0,1,6
Bosnia and Herzegovina,BIH,2001,0,0,5
Bosnia and Herzegovina,BIH,2002,0,0,5
Bosnia and Herzegovina,BIH,2003,0,0,4
Bosnia and Herzegovina,BIH,2004,0,1,4
Bosnia and Herzegovina,BIH,2005,1,1,5
Bosnia and Herzegovina,BIH,2006,1,1,4
Bosnia and Herzegovina,BIH,2007,1,1,5
Bosnia and Herzegovina,BIH,2008,1,1,5
Bosnia and Herzegovina,BIH,2009,1,1,5
Bosnia and Herzegovina,BIH,2010,0,1,4
Bosnia and Herzegovina,BIH,2011,0,0,3
Bosnia and Herzegovina,BIH,2012,0,0,3
Bosnia and Herzegovina,BIH,2013,0,0,2
Bosnia and Herzegovina,BIH,2014,0,0,2
Bosnia and Herzegovina,BIH,2015,0,0,2
Botswana,BWA,2000,3,9,86
Botswana,BWA,2001,3,9,88
Botswana,BWA,2002,3,9,91
Botswana,BWA,2003,3,9,94
Botswana,BWA,2004,3,10,99
Botswana,BWA,2005,9,10,103
Botswana,BWA,2006,9,10,106
Botswana,BWA,2007,9,10,110
Botswana,BWA,2008,9,11,114
Botswana,BWA,2009,9,11,115
Botswana,BWA,2010,9,10,115
Botswana,BWA,2011,9,11,117
Botswana,BWA,2012,7,8,95
Botswana,BWA,2013,6,7,82
Botswana,BWA,2014,5,6,68
Botswana,BWA,2015,5,5,61
Brazil,BRA,2000,1014,1139,5337
Brazil,BRA,2001,929,1044,4715
Brazil,BRA,2002,726,815,4095
Brazil,BRA,2003,607,682,3735
Brazil,BRA,2004,570,641,3412
Brazil,BRA,2005,537,604,2877
Brazil,BRA,2006,508,570,2612
Brazil,BRA,2007,415,466,2193
Brazil,BRA,2008,358,402,1791
Brazil,BRA,2009,293,330,1587
Brazil,BRA,2010,230,259,1146
Brazil,BRA,2011,117,131,900
Brazil,BRA,2012,90,101,752
Brazil,BRA,2013,77,87,753
Brazil,BRA,2014,78,88,678
Brazil,BRA,2015,79,89,701
Brunei,BRN,2000,0,0,1
Brunei,BRN,2001,0,0,1
Brunei,BRN,2002,0,0,1
Brunei,BRN,2003,0,0,1
Brunei,BRN,2004,0,0,1
Brunei,BRN,2005,0,0,1
Brunei,BRN,2006,0,0,1
Brunei,BRN,2007,0,0,1
Brunei,BRN,2008,0,0,1
Brunei,BRN,2009,0,0,1
Brunei,BRN,2010,0,0,1
Brunei,BRN,2011,0,0,1
Brunei,BRN,2012,0,0,1
Brunei,BRN,2013,0,0,1
Brunei,BRN,2014,0,0,1
Brunei,BRN,2015,0,0,1
Bulgaria,BGR,2000,5,6,84
Bulgaria,BGR,2001,4,5,78
Bulgaria,BGR,2002,2,3,63
Bulgaria,BGR,2003,6,7,73
Bulgaria,BGR,2004,5,6,52
Bulgaria,BGR,2005,4,5,58
Bulgaria,BGR,2006,6,6,56
Bulgaria,BGR,2007,5,5,51
Bulgaria,BGR,2008,6,7,45
Bulgaria,BGR,2009,4,5,67
Bulgaria,BGR,2010,4,4,48
Bulgaria,BGR,2011,2,3,29
Bulgaria,BGR,2012,2,2,25
Bulgaria,BGR,2013,2,2,23
Bulgaria,BGR,2014,1,1,15
Bulgaria,BGR,2015,1,1,13
Burkina Faso,BFA,2000,171,543,2822
Burkina Faso,BFA,2001,181,575,2991
Burkina Faso,BFA,2002,192,609,3173
Burkina Faso,BFA,2003,202,644,3363
Burkina Faso,BFA,2004,211,671,3525
Burkina Faso,BFA,2005,212,676,3569
Burkina Faso,BFA,2006,204,650,3454
Burkina Faso,BFA,2007,188,599,3186
Burkina Faso,BFA,2008,170,541,2878
Burkina Faso,BFA,2009,161,511,2719
Burkina Faso,BFA,2010,160,509,2707
Burkina Faso,BFA,2011,170,540,2877
Burkina Faso,BFA,2012,180,574,3054
Burkina Faso,BFA,2013,192,612,3253
Burkina Faso,BFA,2014,124,395,2241
Burkina Faso,BFA,2015,104,332,1882
Burundi,BDI,2000,156,497,2274
Burundi,BDI,2001,156,495,2264
Burundi,BDI,2002,153,488,2224
Burundi,BDI,2003,163,519,2358
Burundi,BDI,2004,170,541,2445
Burundi,BDI,2005,170,541,2433
Burundi,BDI,2006,180,573,2565
Burundi,BDI,2007,182,578,2578
Burundi,BDI,2008,182,579,2574
Burundi,BDI,2009,184,585,2582
Burundi,BDI,2010,185,588,2574
Burundi,BDI,2011,177,562,2459
Burundi,BDI,2012,110,349,1623
Burundi,BDI,2013,92,291,1338
Burundi,BDI,2014,87,277,1199
Burundi,BDI,2015,63,199,879
Cambodia,KHM,2000,127,404,2341
Cambodia,KHM,2001,110,348,2053
Cambodia,KHM,2002,94,298,1783
Cambodia,KHM,2003,80,256,1557
Cambodia,KHM,2004,202,227,1400
Cambodia,KHM,2005,182,204,1286
Cambodia,KHM,2006,167,188,1199
Cambodia,KHM,2007,154,173,1117
Cambodia,KHM,2008,143,160,1037
Cambodia,KHM,2009,130,146,946
Cambodia,KHM,2010,115,130,841
Cambodia,KHM,2011,103,115,752
Cambodia,KHM,2012,89,100,657
Cambodia,KHM,2013,80,90,594
Cambodia,KHM,2014,73,82,548
Cambodia,KHM,2015,44,49,349
Cameroon,CMR,2000,234,745,4934
Cameroon,CMR,2001,226,718,4771
Cameroon,CMR,2002,224,711,4738
Cameroon,CMR,2003,217,690,4600
Cameroon,CMR,2004,211,672,4488
Cameroon,CMR,2005,210,668,4464
Cameroon,CMR,2006,214,680,4553
Cameroon,CMR,2007,216,687,4603
Cameroon,CMR,2008,223,710,4770
Cameroon,CMR,2009,234,743,5010
Cameroon,CMR,2010,236,750,5066
Cameroon,CMR,2011,213,677,4654
Cameroon,CMR,2012,145,462,3341
Cameroon,CMR,2013,121,384,2771
Cameroon,CMR,2014,112,358,2492
Cameroon,CMR,2015,76,241,1739
Canada,CAN,2000,15,17,18
Canada,CAN,2001,11,13,18
Canada,CAN,2002,11,12,14
Canada,CAN,2003,11,12,15
Canada,CAN,2004,9,10,12
Canada,CAN,2005,9,10,12
Canada,CAN,2006,10,12,14
Canada,CAN,2007,10,11,18
Canada,CAN,2008,4,4,9
Canada,CAN,2009,11,12,14
Canada,CAN,2010,9,10,10
Canada,CAN,2011,4,4,6
Canada,CAN,2012,3,4,5
Canada,CAN,2013,3,3,4
Canada,CAN,2014,3,3,3
Canada,CAN,2015,2,3,3
Cape Verde,CPV,2000,2,2,22
Cape Verde,CPV,2001,2,2,19
Cape Verde,CPV,2002,2,2,17
Cape Verde,CPV,2003,2,2,15
Cape Verde,CPV,2004,2,2,14
Cape Verde,CPV,2005,2,2,14
Cape Verde,CPV,2006,2,2,14
Cape Verde,CPV,2007,2,2,14
Cape Verde,CPV,2008,2,2,14
Cape Verde,CPV,2009,2,2,14
Cape Verde,CPV,2010,2,2,14
Cape Verde,CPV,2011,2,3,15
Cape Verde,CPV,2012,2,3,14
Cape Verde,CPV,2013,2,3,14
Cape Verde,CPV,2014,2,2,13
Cape Verde,CPV,2015,2,2,13
Central African Republic,CAF,2000,60,192,891
Central African Republic,CAF,2001,61,193,899
Central African Republic,CAF,2002,62,196,911
Central African Republic,CAF,2003,61,193,891
Central African Republic,CAF,2004,59,188,868
Central African Republic,CAF,2005,57,182,843
Central African Republic,CAF,2006,59,188,879
Central African Republic,CAF,2007,61,194,919
Central African Republic,CAF,2008,62,197,950
Central African Republic,CAF,2009,66,210,1029
Central African Republic,CAF,2010,69,219,1081
Central African Republic,CAF,2011,69,220,1091
Central African Republic,CAF,2012,57,182,916
Central African Republic,CAF,2013,65,207,995
Central African Republic,CAF,2014,59,189,893
Central African Republic,CAF,2015,58,183,856
Chad,TCD,2000,285,906,4851
Chad,TCD,2001,286,911,4956
Chad,TCD,2002,302,961,5366
Chad,TCD,2003,295,937,5402
Chad,TCD,2004,296,940,5598
Chad,TCD,2005,299,951,5788
Chad,TCD,2006,315,1003,6167
Chad,TCD,2007,311,990,6115
Chad,TCD,2008,326,1036,6402
Chad,TCD,2009,319,1014,6268
Chad,TCD,2010,321,1022,6331
Chad,TCD,2011,323,1027,6376
Chad,TCD,2012,322,1023,6389
Chad,TCD,2013,321,1022,6426
Chad,TCD,2014,317,1010,6391
Chad,TCD,2015,313,997,6347
Chile,CHL,2000,27,30,102
Chile,CHL,2001,37,42,113
Chile,CHL,2002,27,30,55
Chile,CHL,2003,28,31,54
Chile,CHL,2004,23,26,52
Chile,CHL,2005,25,28,45
Chile,CHL,2006,15,17,34
Chile,CHL,2007,12,14,41
Chile,CHL,2008,13,15,46
Chile,CHL,2009,10,11,44
Chile,CHL,2010,17,19,33
Chile,CHL,2011,8,10,18
Chile,CHL,2012,8,10,15
Chile,CHL,2013,4,5,16
Chile,CHL,2014,6,6,12
Chile,CHL,2015,4,5,9
China,CHN,2000,2566,2882,22713
China,CHN,2001,2223,2497,19466
China,CHN,2002,1956,2197,16759
China,CHN,2003,1772,1990,14281
China,CHN,2004,1610,1809,12283
China,CHN,2005,1536,1725,10736
China,CHN,2006,1542,1732,9824
China,CHN,2007,1515,1701,9131
China,CHN,2008,1552,1743,8604
China,CHN,2009,1523,1710,8067
China,CHN,2010,1496,1681,7614
China,CHN,2011,1405,1579,7019
China,CHN,2012,1270,1427,6490
China,CHN,2013,1163,1306,6012
China,CHN,2014,1047,1176,5545
China,CHN,2015,992,1114,5257
Colombia,COL,2000,129,145,906
Colombia,COL,2001,119,133,785
Colombia,COL,2002,122,137,623
Colombia,COL,2003,129,145,691
Colombia,COL,2004,120,135,700
Colombia,COL,2005,133,149,681
Colombia,COL,2006,127,142,711
Colombia,COL,2007,93,104,659
Colombia,COL,2008,86,96,568
Colombia,COL,2009,86,96,534
Colombia,COL,2010,65,73,456
Colombia,COL,2011,52,58,424
Colombia,COL,2012,31,35,325
Colombia,COL,2013,33,37,278
Colombia,COL,2014,23,26,200
Colombia,COL,2015,19,22,166
Comoros,COM,2000,5,16,89
Comoros,COM,2001,5,16,90
Comoros,COM,2002,5,17,93
Comoros,COM,2003,5,17,94
Comoros,COM,2004,5,17,95
Comoros,COM,2005,5,17,94
Comoros,COM,2006,5,17,93
Comoros,COM,2007,5,17,92
Comoros,COM,2008,5,16,92
Comoros,COM,2009,5,16,90
Comoros,COM,2010,5,16,88
Comoros,COM,2011,5,15,86
Comoros,COM,2012,5,15,83
Comoros,COM,2013,5,15,81
Comoros,COM,2014,4,14,79
Comoros,COM,2015,12,14,77
Congo,COG,2000,26,83,650
Congo,COG,2001,27,86,673
Congo,COG,2002,27,87,676
Congo,COG,2003,27,86,663
Congo,COG,2004,27,86,646
Congo,COG,2005,26,84,623
Congo,COG,2006,25,80,595
Congo,COG,2007,24,77,567
Congo,COG,2008,64,72,535
Congo,COG,2009,59,66,498
Congo,COG,2010,54,60,462
Congo,COG,2011,50,56,437
Congo,COG,2012,45,50,403
Congo,COG,2013,28,31,270
Congo,COG,2014,23,26,224
Congo,COG,2015,22,24,203
Cook Islands,COK,2000,0,0,0
Cook Islands,COK,2001,0,0,0
Cook Islands,COK,2002,0,0,0
Cook Islands,COK,2003,0,0,0
Cook Islands,COK,2004,0,0,0
Cook Islands,COK,2005,0,0,0
Cook Islands,COK,2006,0,0,0
Cook Islands,COK,2007,0,0,0
Cook Islands,COK,2008,0,0,0
Cook Islands,COK,2009,0,0,0
Cook Islands,COK,2010,0,0,0
Cook Islands,COK,2011,0,0,0
Cook Islands,COK,2012,0,0,0
Cook Islands,COK,2013,0,0,0
Cook Islands,COK,2014,0,0,0
Cook Islands,COK,2015,0,0,0
Costa Rica,CRI,2000,3,4,24
Costa Rica,CRI,2001,3,3,19
Costa Rica,CRI,2002,5,6,17
Costa Rica,CRI,2003,2,2,15
Costa Rica,CRI,2004,1,1,14
Costa Rica,CRI,2005,3,3,17
Costa Rica,CRI,2006,2,3,10
Costa Rica,CRI,2007,3,3,13
Costa Rica,CRI,2008,4,4,8
Costa Rica,CRI,2009,3,3,8
Costa Rica,CRI,2010,2,3,8
Costa Rica,CRI,2011,2,3,8
Costa Rica,CRI,2012,2,3,5
Costa Rica,CRI,2013,1,1,6
Costa Rica,CRI,2014,1,1,3
Costa Rica,CRI,2015,1,1,3
Cote d'Ivoire,CIV,2000,105,335,2369
Cote d'Ivoire,CIV,2001,105,333,2338
Cote d'Ivoire,CIV,2002,103,329,2286
Cote d'Ivoire,CIV,2003,102,324,2237
Cote d'Ivoire,CIV,2004,100,317,2179
Cote d'Ivoire,CIV,2005,101,321,2200
Cote d'Ivoire,CIV,2006,103,329,2260
Cote d'Ivoire,CIV,2007,109,347,2392
Cote d'Ivoire,CIV,2008,114,363,2506
Cote d'Ivoire,CIV,2009,124,396,2734
Cote d'Ivoire,CIV,2010,134,425,2940
Cote d'Ivoire,CIV,2011,142,452,3131
Cote d'Ivoire,CIV,2012,147,467,3241
Cote d'Ivoire,CIV,2013,152,484,3375
Cote d'Ivoire,CIV,2014,154,491,3426
Cote d'Ivoire,CIV,2015,108,343,2525
Croatia,HRV,2000,1,2,4
Croatia,HRV,2001,2,2,2
Croatia,HRV,2002,2,2,1
Croatia,HRV,2003,1,1,3
Croatia,HRV,2004,0,0,1
Croatia,HRV,2005,3,3,3
Croatia,HRV,2006,0,0,2
Croatia,HRV,2007,0,0,3
Croatia,HRV,2008,1,1,2
Croatia,HRV,2009,2,2,2
Croatia,HRV,2010,2,2,2
Croatia,HRV,2011,2,2,0
Croatia,HRV,2012,3,3,1
Croatia,HRV,2013,1,1,3
Croatia,HRV,2014,1,2,1
Croatia,HRV,2015,1,2,1
Cuba,CUB,2000,22,24,26
Cuba,CUB,2001,16,18,26
Cuba,CUB,2002,8,9,22
Cuba,CUB,2003,12,14,20
Cuba,CUB,2004,10,11,18
Cuba,CUB,2005,12,14,23
Cuba,CUB,2006,10,11,25
Cuba,CUB,2007,7,8,21
Cuba,CUB,2008,10,11,17
Cuba,CUB,2009,6,7,29
Cuba,CUB,2010,7,8,20
Cuba,CUB,2011,10,11,22
Cuba,CUB,2012,10,11,24
Cuba,CUB,2013,7,8,24
Cuba,CUB,2014,8,9,22
Cuba,CUB,2015,8,9,22
Cyprus,CYP,2000,1,1,1
Cyprus,CYP,2001,1,1,1
Cyprus,CYP,2002,1,1,1
Cyprus,CYP,2003,1,1,1
Cyprus,CYP,2004,0,1,1
Cyprus,CYP,2005,0,0,1
Cyprus,CYP,2006,0,0,1
Cyprus,CYP,2007,0,0,1
Cyprus,CYP,2008,0,0,1
Cyprus,CYP,2009,0,0,1
Cyprus,CYP,2010,0,0,0
Cyprus,CYP,2011,0,0,0
Cyprus,CYP,2012,0,0,0
Cyprus,CYP,2013,0,0,0
Cyprus,CYP,2014,0,0,0
Cyprus,CYP,2015,0,0,0
Czechia,CZE,2000,2,2,6
Czechia,CZE,2001,2,2,7
Czechia,CZE,2002,1,2,8
Czechia,CZE,2003,2,2,8
Czechia,CZE,2004,4,4,5
Czechia,CZE,2005,2,3,7
Czechia,CZE,2006,1,1,10
Czechia,CZE,2007,4,5,9
Czechia,CZE,2008,2,2,8
Czechia,CZE,2009,4,4,6
Czechia,CZE,2010,1,1,11
Czechia,CZE,2011,2,3,7
Czechia,CZE,2012,1,2,8
Czechia,CZE,2013,2,2,10
Czechia,CZE,2014,2,2,8
Czechia,CZE,2015,2,2,7
Democratic Republic of Congo,COD,2000,889,2828,12202
Democratic Republic of Congo,COD,2001,870,2769,11857
Democratic Republic of Congo,COD,2002,862,2742,11727
Democratic Republic of Congo,COD,2003,842,2679,11524
Democratic Republic of Congo,COD,2004,838,2666,11538
Democratic Republic of Congo,COD,2005,802,2551,11112
Democratic Republic of Congo,COD,2006,816,2595,11369
Democratic Republic of Congo,COD,2007,817,2599,11434
Democratic Republic of Congo,COD,2008,860,2735,12091
Democratic Republic of Congo,COD,2009,950,3023,13436
Democratic Republic of Congo,COD,2010,1037,3299,14760
Democratic Republic of Congo,COD,2011,1120,3563,16072
Democratic Republic of Congo,COD,2012,1123,3572,16377
Democratic Republic of Congo,COD,2013,1035,3291,15357
Democratic Republic of Congo,COD,2014,865,2750,13144
Democratic Republic of Congo,COD,2015,747,2374,11423
Denmark,DNK,2000,2,2,3
Denmark,DNK,2001,2,3,3
Denmark,DNK,2002,2,2,4
Denmark,DNK,2003,2,2,4
Denmark,DNK,2004,2,3,2
Denmark,DNK,2005,1,1,3
Denmark,DNK,2006,0,1,1
Denmark,DNK,2007,1,1,0
Denmark,DNK,2008,1,1,1
Denmark,DNK,2009,0,0,2
Denmark,DNK,2010,0,0,1
Denmark,DNK,2011,0,0,1
Denmark,DNK,2012,0,0,0
Denmark,DNK,2013,0,0,0
Denmark,DNK,2014,0,0,0
Denmark,DNK,2015,0,0,0
Djibouti,DJI,2000,5,16,100
Djibouti,DJI,2001,5,16,97
Djibouti,DJI,2002,5,15,95
Djibouti,DJI,2003,5,15,93
Djibouti,DJI,2004,5,15,90
Djibouti,DJI,2005,4,14,87
Djibouti,DJI,2006,4,14,85
Djibouti,DJI,2007,4,13,81
Djibouti,DJI,2008,4,13,78
Djibouti,DJI,2009,4,12,74
Djibouti,DJI,2010,4,12,71
Djibouti,DJI,2011,11,12,70
Djibouti,DJI,2012,11,12,70
Djibouti,DJI,2013,7,8,47
Djibouti,DJI,2014,6,7,40
Djibouti,DJI,2015,6,6,35
Dominica,DMA,2000,0,0,0
Dominica,DMA,2001,0,0,0
Dominica,DMA,2002,0,0,0
Dominica,DMA,2003,0,0,0
Dominica,DMA,2004,0,0,0
Dominica,DMA,2005,0,0,0
Dominica,DMA,2006,0,0,0
Dominica,DMA,2007,0,0,1
Dominica,DMA,2008,0,0,0
Dominica,DMA,2009,0,0,0
Dominica,DMA,2010,0,0,0
Dominica,DMA,2011,0,0,0
Dominica,DMA,2012,0,0,0
Dominica,DMA,2013,0,0,0
Dominica,DMA,2014,0,0,0
Dominica,DMA,2015,0,0,0
Dominican Republic,DOM,2000,23,26,286
Dominican Republic,DOM,2001,21,24,265
Dominican Republic,DOM,2002,20,23,252
Dominican Republic,DOM,2003,19,22,243
Dominican Republic,DOM,2004,19,21,236
Dominican Republic,DOM,2005,17,20,225
Dominican Republic,DOM,2006,17,19,216
Dominican Republic,DOM,2007,16,17,205
Dominican Republic,DOM,2008,15,17,199
Dominican Republic,DOM,2009,14,16,192
Dominican Republic,DOM,2010,14,16,191
Dominican Republic,DOM,2011,14,15,190
Dominican Republic,DOM,2012,14,15,189
Dominican Republic,DOM,2013,14,15,191
Dominican Republic,DOM,2014,12,13,167
Dominican Republic,DOM,2015,13,14,176
East Timor,TLS,2000,13,42,299
East Timor,TLS,2001,13,41,278
East Timor,TLS,2002,12,39,256
East Timor,TLS,2003,11,36,235
East Timor,TLS,2004,10,32,214
East Timor,TLS,2005,9,28,193
East Timor,TLS,2006,7,23,173
East Timor,TLS,2007,17,20,154
East Timor,TLS,2008,15,17,140
East Timor,TLS,2009,14,15,130
East Timor,TLS,2010,13,15,130
East Timor,TLS,2011,14,15,134
East Timor,TLS,2012,15,17,145
East Timor,TLS,2013,16,18,157
East Timor,TLS,2014,17,19,164
East Timor,TLS,2015,17,19,165
Ecuador,ECU,2000,48,53,447
Ecuador,ECU,2001,45,51,425
Ecuador,ECU,2002,43,48,402
Ecuador,ECU,2003,65,73,399
Ecuador,ECU,2004,81,91,417
Ecuador,ECU,2005,81,91,405
Ecuador,ECU,2006,81,91,396
Ecuador,ECU,2007,80,90,387
Ecuador,ECU,2008,82,92,391
Ecuador,ECU,2009,80,89,382
Ecuador,ECU,2010,75,84,361
Ecuador,ECU,2011,62,69,299
Ecuador,ECU,2012,46,52,222
Ecuador,ECU,2013,41,46,193
Ecuador,ECU,2014,29,33,137
Ecuador,ECU,2015,24,27,113
Egypt,EGY,2000,185,207,4163
Egypt,EGY,2001,171,192,3844
Egypt,EGY,2002,158,178,3547
Egypt,EGY,2003,146,164,3269
Egypt,EGY,2004,136,153,3053
Egypt,EGY,2005,127,142,2828
Egypt,EGY,2006,120,134,2646
Egypt,EGY,2007,114,128,2488
Egypt,EGY,2008,108,121,2329
Egypt,EGY,2009,103,116,2221
Egypt,EGY,2010,100,113,2161
Egypt,EGY,2011,99,111,2145
Egypt,EGY,2012,99,111,2174
Egypt,EGY,2013,99,111,2216
Egypt,EGY,2014,148,167,2696
Egypt,EGY,2015,151,170,2715
El Salvador,SLV,2000,16,18,253
El Salvador,SLV,2001,14,16,221
El Salvador,SLV,2002,25,28,219
El Salvador,SLV,2003,24,27,198
El Salvador,SLV,2004,22,24,178
El Salvador,SLV,2005,20,22,163
El Salvador,SLV,2006,18,20,148
El Salvador,SLV,2007,17,19,138
El Salvador,SLV,2008,16,18,126
El Salvador,SLV,2009,14,16,116
El Salvador,SLV,2010,11,13,95
El Salvador,SLV,2011,8,9,71
El Salvador,SLV,2012,6,7,53
El Salvador,SLV,2013,5,6,45
El Salvador,SLV,2014,3,4,31
El Salvador,SLV,2015,3,3,25
Equatorial Guinea,GNQ,2000,4,14,143
Equatorial Guinea,GNQ,2001,4,12,137
Equatorial Guinea,GNQ,2002,3,11,128
Equatorial Guinea,GNQ,2003,3,10,117
Equatorial Guinea,GNQ,2004,3,9,109
Equatorial Guinea,GNQ,2005,3,8,107
Equatorial Guinea,GNQ,2006,3,8,113
Equatorial Guinea,GNQ,2007,3,9,122
Equatorial Guinea,GNQ,2008,3,9,130
Equatorial Guinea,GNQ,2009,3,10,133
Equatorial Guinea,GNQ,2010,3,10,134
Equatorial Guinea,GNQ,2011,3,10,130
Equatorial Guinea,GNQ,2012,3,10,125
Equatorial Guinea,GNQ,2013,3,10,126
Equatorial Guinea,GNQ,2014,3,10,128
Equatorial Guinea,GNQ,2015,3,10,125
Eritrea,ERI,2000,38,121,682
Eritrea,ERI,2001,38,121,675
Eritrea,ERI,2002,38,122,673
Eritrea,ERI,2003,39,123,673
Eritrea,ERI,2004,111,124,672
Eritrea,ERI,2005,111,125,666
Eritrea,ERI,2006,112,125,662
Eritrea,ERI,2007,111,125,651
Eritrea,ERI,2008,110,123,634
Eritrea,ERI,2009,107,121,614
Eritrea,ERI,2010,104,117,596
Eritrea,ERI,2011,101,113,577
Eritrea,ERI,2012,97,109,556
Eritrea,ERI,2013,92,104,535
Eritrea,ERI,2014,89,100,519
Eritrea,ERI,2015,86,97,500
Estonia,EST,2000,0,0,2
Estonia,EST,2001,1,1,1
Estonia,EST,2002,1,1,2
Estonia,EST,2003,0,0,1
Estonia,EST,2004,0,0,2
Estonia,EST,2005,1,1,2
Estonia,EST,2006,0,0,0
Estonia,EST,2007,0,0,1
Estonia,EST,2008,1,1,0
Estonia,EST,2009,0,1,1
Estonia,EST,2010,1,1,2
Estonia,EST,2011,1,1,1
Estonia,EST,2012,0,0,1
Estonia,EST,2013,0,0,1
Estonia,EST,2014,0,0,1
Estonia,EST,2015,0,0,1
Eswatini,SWZ,2000,8,26,209
Eswatini,SWZ,2001,8,27,215
Eswatini,SWZ,2002,9,27,218
Eswatini,SWZ,2003,9,28,221
Eswatini,SWZ,2004,9,28,221
Eswatini,SWZ,2005,9,28,219
Eswatini,SWZ,2006,8,27,214
Eswatini,SWZ,2007,8,26,209
Eswatini,SWZ,2008,8,25,202
Eswatini,SWZ,2009,7,24,193
Eswatini,SWZ,2010,7,22,182
Eswatini,SWZ,2011,7,21,173
Eswatini,SWZ,2012,18,20,166
Eswatini,SWZ,2013,17,19,159
Eswatini,SWZ,2014,12,13,115
Eswatini,SWZ,2015,9,10,88
Ethiopia,ETH,2000,1669,5307,24802
Ethiopia,ETH,2001,1625,5169,24253
Ethiopia,ETH,2002,1548,4923,23217
Ethiopia,ETH,2003,1448,4607,21886
Ethiopia,ETH,2004,1333,4240,20400
Ethiopia,ETH,2005,1216,3866,18908
Ethiopia,ETH,2006,1146,3644,18146
Ethiopia,ETH,2007,1026,3264,16567
Ethiopia,ETH,2008,889,2828,14618
Ethiopia,ETH,2009,837,2662,14003
Ethiopia,ETH,2010,766,2436,13052
Ethiopia,ETH,2011,1893,2127,11671
Ethiopia,ETH,2012,1548,1739,9846
Ethiopia,ETH,2013,1232,1384,8042
Ethiopia,ETH,2014,1042,1170,6856
Ethiopia,ETH,2015,673,756,4622
Fiji,FJI,2000,4,5,18
Fiji,FJI,2001,4,5,17
Fiji,FJI,2002,4,5,17
Fiji,FJI,2003,4,5,17
Fiji,FJI,2004,4,5,17
Fiji,FJI,2005,4,5,18
Fiji,FJI,2006,5,5,19
Fiji,FJI,2007,5,5,20
Fiji,FJI,2008,5,6,21
Fiji,FJI,2009,5,6,21
Fiji,FJI,2010,5,5,20
Fiji,FJI,2011,5,5,20
Fiji,FJI,2012,4,5,19
Fiji,FJI,2013,3,3,10
Fiji,FJI,2014,2,2,9
Fiji,FJI,2015,2,2,8
Finland,FIN,2000,0,0,2
Finland,FIN,2001,0,0,3
Finland,FIN,2002,0,0,0
Finland,FIN,2003,2,2,5
Finland,FIN,2004,2,2,1
Finland,FIN,2005,1,1,2
Finland,FIN,2006,0,1,0
Finland,FIN,2007,1,1,2
Finland,FIN,2008,1,1,2
Finland,FIN,2009,0,0,2
Finland,FIN,2010,1,1,1
Finland,FIN,2011,0,0,3
Finland,FIN,2012,0,0,1
Finland,FIN,2013,0,0,1
Finland,FIN,2014,0,0,1
Finland,FIN,2015,0,0,1
France,FRA,2000,26,29,23
France,FRA,2001,24,26,20
France,FRA,2002,23,26,20
France,FRA,2003,21,23,24
France,FRA,2004,19,22,14
France,FRA,2005,14,15,25
France,FRA,2006,18,20,13
France,FRA,2007,11,13,20
France,FRA,2008,14,16,12
France,FRA,2009,8,9,14
France,FRA,2010,12,14,16
France,FRA,2011,6,7,9
France,FRA,2012,5,5,7
France,FRA,2013,4,5,6
France,FRA,2014,4,4,6
France,FRA,2015,4,4,6
Gabon,GAB,2000,3,9,106
Gabon,GAB,2001,3,10,110
Gabon,GAB,2002,3,10,114
Gabon,GAB,2003,3,11,118
Gabon,GAB,2004,3,11,120
Gabon,GAB,2005,3,11,122
Gabon,GAB,2006,10,11,122
Gabon,GAB,2007,10,11,123
Gabon,GAB,2008,10,11,122
Gabon,GAB,2009,10,11,121
Gabon,GAB,2010,10,11,119
Gabon,GAB,2011,10,11,119
Gabon,GAB,2012,9,11,116
Gabon,GAB,2013,9,10,114
Gabon,GAB,2014,9,10,110
Gabon,GAB,2015,9,10,107
Gambia,GMB,2000,21,67,343
Gambia,GMB,2001,21,65,335
Gambia,GMB,2002,21,67,343
Gambia,GMB,2003,21,66,341
Gambia,GMB,2004,21,65,337
Gambia,GMB,2005,20,65,336
Gambia,GMB,2006,20,64,334
Gambia,GMB,2007,20,63,330
Gambia,GMB,2008,20,62,327
Gambia,GMB,2009,19,62,324
Gambia,GMB,2010,16,52,280
Gambia,GMB,2011,13,41,228
Gambia,GMB,2012,9,30,166
Gambia,GMB,2013,24,27,150
Gambia,GMB,2014,18,20,111
Gambia,GMB,2015,15,17,96
Georgia,GEO,2000,11,13,69
Georgia,GEO,2001,9,11,59
Georgia,GEO,2002,8,9,52
Georgia,GEO,2003,7,8,47
Georgia,GEO,2004,6,7,43
Georgia,GEO,2005,6,6,39
Georgia,GEO,2006,5,6,36
Georgia,GEO,2007,5,5,33
Georgia,GEO,2008,4,5,30
Georgia,GEO,2009,4,4,27
Georgia,GEO,2010,6,6,26
Georgia,GEO,2011,6,7,25
Georgia,GEO,2012,5,6,22
Georgia,GEO,2013,5,5,19
Georgia,GEO,2014,4,5,17
Georgia,GEO,2015,4,4,15
Germany,DEU,2000,24,27,29
Germany,DEU,2001,17,19,43
Germany,DEU,2002,25,28,37
Germany,DEU,2003,22,25,36
Germany,DEU,2004,22,25,34
Germany,DEU,2005,16,18,25
Germany,DEU,2006,18,21,19
Germany,DEU,2007,10,11,19
Germany,DEU,2008,8,9,20
Germany,DEU,2009,5,5,17
Germany,DEU,2010,3,3,5
Germany,DEU,2011,2,2,6
Germany,DEU,2012,2,2,4
Germany,DEU,2013,2,2,4
Germany,DEU,2014,1,2,4
Germany,DEU,2015,1,2,4
Ghana,GHA,2000,108,343,2135
Ghana,GHA,2001,110,348,2195
Ghana,GHA,2002,113,358,2283
Ghana,GHA,2003,113,361,2328
Ghana,GHA,2004,117,373,2430
Ghana,GHA,2005,120,382,2512
Ghana,GHA,2006,124,395,2619
Ghana,GHA,2007,124,395,2633
Ghana,GHA,2008,119,378,2542
Ghana,GHA,2009,117,371,2522
Ghana,GHA,2010,318,357,2470
Ghana,GHA,2011,314,353,2490
Ghana,GHA,2012,256,287,2113
Ghana,GHA,2013,184,207,1605
Ghana,GHA,2014,158,177,1360
Ghana,GHA,2015,151,170,1257
Greece,GRC,2000,3,3,8
Greece,GRC,2001,2,2,7
Greece,GRC,2002,0,0,6
Greece,GRC,2003,2,2,8
Greece,GRC,2004,1,2,9
Greece,GRC,2005,1,1,11
Greece,GRC,2006,1,1,13
Greece,GRC,2007,1,1,12
Greece,GRC,2008,1,1,12
Greece,GRC,2009,1,2,7
Greece,GRC,2010,0,0,5
Greece,GRC,2011,1,1,5
Greece,GRC,2012,0,0,8
Greece,GRC,2013,0,0,6
Greece,GRC,2014,0,0,3
Greece,GRC,2015,0,0,2
Grenada,GRD,2000,0,0,1
Grenada,GRD,2001,0,0,1
Grenada,GRD,2002,0,0,1
Grenada,GRD,2003,0,0,0
Grenada,GRD,2004,0,0,1
Grenada,GRD,2005,0,0,1
Grenada,GRD,2006,0,0,1
Grenada,GRD,2007,0,0,1
Grenada,GRD,2008,0,0,1
Grenada,GRD,2009,0,0,0
Grenada,GRD,2010,0,0,0
Grenada,GRD,2011,0,0,0
Grenada,GRD,2012,0,0,0
Grenada,GRD,2013,0,0,0
Grenada,GRD,2014,0,0,0
Grenada,GRD,2015,0,0,0
Guatemala,GTM,2000,105,118,1242
Guatemala,GTM,2001,101,114,1197
Guatemala,GTM,2002,98,110,1151
Guatemala,GTM,2003,94,105,1102
Guatemala,GTM,2004,91,102,1062
Guatemala,GTM,2005,87,97,1021
Guatemala,GTM,2006,83,93,977
Guatemala,GTM,2007,79,89,933
Guatemala,GTM,2008,75,84,882
Guatemala,GTM,2009,72,81,849
Guatemala,GTM,2010,70,78,824
Guatemala,GTM,2011,68,76,806
Guatemala,GTM,2012,66,74,785
Guatemala,GTM,2013,58,65,698
Guatemala,GTM,2014,47,53,570
Guatemala,GTM,2015,35,39,421
Guinea,GIN,2000,148,472,2545
Guinea,GIN,2001,148,471,2538
Guinea,GIN,2002,147,467,2515
Guinea,GIN,2003,146,465,2487
Guinea,GIN,2004,147,466,2480
Guinea,GIN,2005,147,469,2476
Guinea,GIN,2006,148,471,2473
Guinea,GIN,2007,148,470,2465
Guinea,GIN,2008,142,452,2368
Guinea,GIN,2009,143,454,2382
Guinea,GIN,2010,139,443,2328
Guinea,GIN,2011,136,432,2280
Guinea,GIN,2012,134,425,2256
Guinea,GIN,2013,133,424,2264
Guinea,GIN,2014,133,423,2268
Guinea,GIN,2015,132,418,2246
Guinea-Bissau,GNB,2000,27,86,446
Guinea-Bissau,GNB,2001,28,89,461
Guinea-Bissau,GNB,2002,29,91,471
Guinea-Bissau,GNB,2003,29,92,478
Guinea-Bissau,GNB,2004,29,91,477
Guinea-Bissau,GNB,2005,28,89,469
Guinea-Bissau,GNB,2006,27,86,456
Guinea-Bissau,GNB,2007,26,82,439
Guinea-Bissau,GNB,2008,24,77,420
Guinea-Bissau,GNB,2009,23,73,402
Guinea-Bissau,GNB,2010,22,70,386
Guinea-Bissau,GNB,2011,21,67,371
Guinea-Bissau,GNB,2012,20,64,359
Guinea-Bissau,GNB,2013,20,62,350
Guinea-Bissau,GNB,2014,19,61,343
Guinea-Bissau,GNB,2015,18,56,320
Guyana,GUY,2000,1,2,21
Guyana,GUY,2001,4,4,19
Guyana,GUY,2002,3,3,26
Guyana,GUY,2003,3,4,18
Guyana,GUY,2004,3,4,21
Guyana,GUY,2005,3,4,17
Guyana,GUY,2006,2,2,17
Guyana,GUY,2007,3,3,15
Guyana,GUY,2008,3,3,12
Guyana,GUY,2009,5,6,13
Guyana,GUY,2010,1,1,12
Guyana,GUY,2011,3,3,10
Guyana,GUY,2012,2,2,8
Guyana,GUY,2013,2,2,7
Guyana,GUY,2014,2,2,7
Guyana,GUY,2015,1,1,5
Haiti,HTI,2000,75,238,1883
Haiti,HTI,2001,72,229,1806
Haiti,HTI,2002,69,220,1726
Haiti,HTI,2003,67,212,1648
Haiti,HTI,2004,64,204,1583
Haiti,HTI,2005,63,200,1542
Haiti,HTI,2006,62,197,1514
Haiti,HTI,2007,61,195,1492
Haiti,HTI,2008,61,193,1469
Haiti,HTI,2009,60,191,1442
Haiti,HTI,2010,230,732,5516
Haiti,HTI,2011,57,182,1376
Haiti,HTI,2012,56,177,1344
Haiti,HTI,2013,151,169,1297
Haiti,HTI,2014,146,163,1260
Haiti,HTI,2015,140,157,1217
Honduras,HND,2000,38,43,417
Honduras,HND,2001,37,42,388
Honduras,HND,2002,34,38,350
Honduras,HND,2003,31,34,320
Honduras,HND,2004,28,32,296
Honduras,HND,2005,28,31,280
Honduras,HND,2006,26,29,258
Honduras,HND,2007,24,27,239
Honduras,HND,2008,22,25,223
Honduras,HND,2009,21,24,209
Honduras,HND,2010,20,22,196
Honduras,HND,2011,13,14,137
Honduras,HND,2012,9,10,102
Honduras,HND,2013,8,9,86
Honduras,HND,2014,7,8,78
Honduras,HND,2015,5,5,53
Hungary,HUN,2000,3,4,23
Hungary,HUN,2001,6,6,16
Hungary,HUN,2002,3,4,10
Hungary,HUN,2003,3,3,16
Hungary,HUN,2004,5,6,13
Hungary,HUN,2005,6,7,16
Hungary,HUN,2006,4,5,10
Hungary,HUN,2007,3,4,15
Hungary,HUN,2008,3,4,8
Hungary,HUN,2009,3,3,8
Hungary,HUN,2010,2,3,9
Hungary,HUN,2011,1,2,7
Hungary,HUN,2012,1,1,6
Hungary,HUN,2013,2,2,4
Hungary,HUN,2014,1,1,4
Hungary,HUN,2015,1,1,3
Iceland,ISL,2000,0,0,0
Iceland,ISL,2001,0,0,0
Iceland,ISL,2002,0,0,0
Iceland,ISL,2003,0,0,0
Iceland,ISL,2004,0,0,0
Iceland,ISL,2005,0,0,0
Iceland,ISL,2006,0,0,0
Iceland,ISL,2007,0,0,0
Iceland,ISL,2008,0,0,0
Iceland,ISL,2009,0,0,0
Iceland,ISL,2010,0,0,0
Iceland,ISL,2011,0,0,0
Iceland,ISL,2012,0,0,0
Iceland,ISL,2013,0,0,0
Iceland,ISL,2014,0,0,0
Iceland,ISL,2015,0,0,0
India,IND,2000,8753,20968,135807
India,IND,2001,9079,20069,130030
India,IND,2002,8629,19152,124116
India,IND,2003,8667,18239,118216
India,IND,2004,8397,17286,112017
India,IND,2005,7913,16352,105898
India,IND,2006,8588,15480,100185
India,IND,2007,8259,14564,94169
India,IND,2008,7731,13653,88270
India,IND,2009,7731,12701,82173
India,IND,2010,7195,11838,76701
India,IND,2011,8762,11016,71503
India,IND,2012,8012,10119,65782
India,IND,2013,8036,9432,61383
India,IND,2014,7421,8739,56921
India,IND,2015,7226,8179,53296
Indonesia,IDN,2000,1354,1521,12608
Indonesia,IDN,2001,1277,1434,11924
Indonesia,IDN,2002,1209,1358,11400
Indonesia,IDN,2003,1135,1275,10833
Indonesia,IDN,2004,1372,1541,13236
Indonesia,IDN,2005,1001,1124,9752
Indonesia,IDN,2006,942,1058,9263
Indonesia,IDN,2007,880,988,8736
Indonesia,IDN,2008,820,921,8213
Indonesia,IDN,2009,776,872,7836
Indonesia,IDN,2010,745,837,7564
Indonesia,IDN,2011,730,820,7434
Indonesia,IDN,2012,726,815,7402
Indonesia,IDN,2013,732,823,7472
Indonesia,IDN,2014,725,814,7392
Indonesia,IDN,2015,708,796,7221
Iran,IRN,2000,200,225,1943
Iran,IRN,2001,178,200,1750
Iran,IRN,2002,159,179,1584
Iran,IRN,2003,140,157,1414
Iran,IRN,2004,125,141,1294
Iran,IRN,2005,112,126,1186
Iran,IRN,2006,104,116,1122
Iran,IRN,2007,97,109,1070
Iran,IRN,2008,91,102,1029
Iran,IRN,2009,87,97,995
Iran,IRN,2010,84,95,978
Iran,IRN,2011,81,91,944
Iran,IRN,2012,78,87,912
Iran,IRN,2013,76,85,885
Iran,IRN,2014,72,81,839
Iran,IRN,2015,68,76,790
Iraq,IRQ,2000,151,170,1648
Iraq,IRQ,2001,151,169,1638
Iraq,IRQ,2002,151,170,1622
Iraq,IRQ,2003,152,171,1610
Iraq,IRQ,2004,151,170,1601
Iraq,IRQ,2005,150,168,1604
Iraq,IRQ,2006,148,166,1605
Iraq,IRQ,2007,148,166,1628
Iraq,IRQ,2008,149,168,1662
Iraq,IRQ,2009,150,168,1692
Iraq,IRQ,2010,148,167,1707
Iraq,IRQ,2011,144,162,1697
Iraq,IRQ,2012,142,159,1705
Iraq,IRQ,2013,140,157,1708
Iraq,IRQ,2014,136,152,1672
Iraq,IRQ,2015,134,151,1669
Ireland,IRL,2000,7,8,5
Ireland,IRL,2001,4,4,6
Ireland,IRL,2002,4,5,1
Ireland,IRL,2003,4,5,5
Ireland,IRL,2004,4,5,2
Ireland,IRL,2005,5,5,5
Ireland,IRL,2006,2,2,4
Ireland,IRL,2007,4,4,0
Ireland,IRL,2008,3,4,1
Ireland,IRL,2009,2,2,1
Ireland,IRL,2010,1,2,4
Ireland,IRL,2011,1,1,1
Ireland,IRL,2012,1,1,1
Ireland,IRL,2013,1,1,1
Ireland,IRL,2014,0,1,0
Ireland,IRL,2015,0,0,0
Israel,ISR,2000,1,1,4
Israel,ISR,2001,4,4,5
Israel,ISR,2002,9,10,7
Israel,ISR,2003,7,8,2
Israel,ISR,2004,4,4,10
Israel,ISR,2005,3,3,9
Israel,ISR,2006,8,9,3
Israel,ISR,2007,3,3,5
Israel,ISR,2008,6,6,8
Israel,ISR,2009,5,5,5
Israel,ISR,2010,4,5,4
Israel,ISR,2011,4,4,3
Israel,ISR,2012,2,2,4
Israel,ISR,2013,3,3,3
Israel,ISR,2014,3,3,3
Israel,ISR,2015,2,2,2
Italy,ITA,2000,5,5,17
Italy,ITA,2001,6,6,18
Italy,ITA,2002,6,6,24
Italy,ITA,2003,9,10,11
Italy,ITA,2004,6,7,13
Italy,ITA,2005,6,7,14
Italy,ITA,2006,8,9,12
Italy,ITA,2007,7,8,10
Italy,ITA,2008,4,4,11
Italy,ITA,2009,5,6,6
Italy,ITA,2010,4,4,7
Italy,ITA,2011,2,2,8
Italy,ITA,2012,1,1,4
Italy,ITA,2013,1,1,3
Italy,ITA,2014,1,1,2
Italy,ITA,2015,1,1,2
Jamaica,JAM,2000,1,1,13
Jamaica,JAM,2001,1,1,12
Jamaica,JAM,2002,1,1,11
Jamaica,JAM,2003,1,1,11
Jamaica,JAM,2004,2,2,12
Jamaica,JAM,2005,2,2,13
Jamaica,JAM,2006,2,3,14
Jamaica,JAM,2007,2,3,15
Jamaica,JAM,2008,3,3,16
Jamaica,JAM,2009,2,3,15
Jamaica,JAM,2010,2,3,14
Jamaica,JAM,2011,2,2,13
Jamaica,JAM,2012,2,2,13
Jamaica,JAM,2013,2,2,12
Jamaica,JAM,2014,2,2,11
Jamaica,JAM,2015,2,2,11
Japan,JPN,2000,25,28,113
Japan,JPN,2001,23,26,89
Japan,JPN,2002,17,20,98
Japan,JPN,2003,21,23,99
Japan,JPN,2004,16,18,80
Japan,JPN,2005,17,20,88
Japan,JPN,2006,13,15,76
Japan,JPN,2007,17,19,80
Japan,JPN,2008,10,11,83
Japan,JPN,2009,13,15,63
Japan,JPN,2010,18,20,71
Japan,JPN,2011,8,9,69
Japan,JPN,2012,6,7,65
Japan,JPN,2013,7,7,60
Japan,JPN,2014,6,7,57
Japan,JPN,2015,5,6,46
Jordan,JOR,2000,8,9,126
Jordan,JOR,2001,12,14,125
Jordan,JOR,2002,15,16,127
Jordan,JOR,2003,14,16,121
Jordan,JOR,2004,13,15,116
Jordan,JOR,2005,13,15,114
Jordan,JOR,2006,13,15,113
Jordan,JOR,2007,13,15,113
Jordan,JOR,2008,13,15,112
Jordan,JOR,2009,13,15,113
Jordan,JOR,2010,13,14,112
Jordan,JOR,2011,12,14,112
Jordan,JOR,2012,12,14,112
Jordan,JOR,2013,12,13,110
Jordan,JOR,2014,11,13,108
Jordan,JOR,2015,11,12,104
Kazakhstan,KAZ,2000,46,52,499
Kazakhstan,KAZ,2001,42,48,470
Kazakhstan,KAZ,2002,41,46,461
Kazakhstan,KAZ,2003,39,44,455
Kazakhstan,KAZ,2004,38,43,450
Kazakhstan,KAZ,2005,38,42,449
Kazakhstan,KAZ,2006,37,42,444
Kazakhstan,KAZ,2007,36,41,435
Kazakhstan,KAZ,2008,35,40,424
Kazakhstan,KAZ,2009,34,38,405
Kazakhstan,KAZ,2010,33,37,388
Kazakhstan,KAZ,2011,30,34,363
Kazakhstan,KAZ,2012,23,26,285
Kazakhstan,KAZ,2013,19,21,233
Kazakhstan,KAZ,2014,16,18,200
Kazakhstan,KAZ,2015,13,15,163
Kenya,KEN,2000,318,1013,6300
Kenya,KEN,2001,316,1004,6245
Kenya,KEN,2002,313,994,6180
Kenya,KEN,2003,306,973,6061
Kenya,KEN,2004,298,946,5919
Kenya,KEN,2005,280,891,5595
Kenya,KEN,2006,272,866,5451
Kenya,KEN,2007,269,855,5393
Kenya,KEN,2008,730,820,5176
Kenya,KEN,2009,696,782,4954
Kenya,KEN,2010,660,741,4713
Kenya,KEN,2011,418,469,3168
Kenya,KEN,2012,353,397,2665
Kenya,KEN,2013,338,379,2430
Kenya,KEN,2014,306,343,2192
Kenya,KEN,2015,208,234,1548
Kiribati,KIR,2000,1,1,11
Kiribati,KIR,2001,1,1,10
Kiribati,KIR,2002,1,1,9
Kiribati,KIR,2003,1,1,8
Kiribati,KIR,2004,1,1,8
Kiribati,KIR,2005,1,1,8
Kiribati,KIR,2006,1,1,9
Kiribati,KIR,2007,1,1,10
Kiribati,KIR,2008,1,1,11
Kiribati,KIR,2009,1,1,12
Kiribati,KIR,2010,1,1,13
Kiribati,KIR,2011,1,1,13
Kiribati,KIR,2012,1,1,13
Kiribati,KIR,2013,1,1,9
Kiribati,KIR,2014,1,1,7
Kiribati,KIR,2015,0,0,4
Kuwait,KWT,2000,2,3,13
Kuwait,KWT,2001,5,5,12
Kuwait,KWT,2002,1,1,12
Kuwait,KWT,2003,4,4,10
Kuwait,KWT,2004,2,3,9
Kuwait,KWT,2005,4,4,9
Kuwait,KWT,2006,1,1,8
Kuwait,KWT,2007,2,2,14
Kuwait,KWT,2008,0,0,9
Kuwait,KWT,2009,2,3,12
Kuwait,KWT,2010,2,2,13
Kuwait,KWT,2011,4,4,16
Kuwait,KWT,2012,2,3,11
Kuwait,KWT,2013,2,2,10
Kuwait,KWT,2014,2,2,10
Kuwait,KWT,2015,2,2,9
Kyrgyzstan,KGZ,2000,43,49,291
Kyrgyzstan,KGZ,2001,39,44,267
Kyrgyzstan,KGZ,2002,36,40,246
Kyrgyzstan,KGZ,2003,32,36,225
Kyrgyzstan,KGZ,2004,30,33,209
Kyrgyzstan,KGZ,2005,28,31,199
Kyrgyzstan,KGZ,2006,27,30,195
Kyrgyzstan,KGZ,2007,27,30,193
Kyrgyzstan,KGZ,2008,26,29,190
Kyrgyzstan,KGZ,2009,26,29,191
Kyrgyzstan,KGZ,2010,25,29,189
Kyrgyzstan,KGZ,2011,25,28,188
Kyrgyzstan,KGZ,2012,24,27,185
Kyrgyzstan,KGZ,2013,24,27,181
Kyrgyzstan,KGZ,2014,23,26,175
Kyrgyzstan,KGZ,2015,21,24,164
Laos,LAO,2000,55,176,1206
Laos,LAO,2001,53,167,1160
Laos,LAO,2002,50,159,1118
Laos,LAO,2003,48,151,1083
Laos,LAO,2004,45,145,1051
Laos,LAO,2005,44,138,1023
Laos,LAO,2006,42,134,1000
Laos,LAO,2007,41,129,976
Laos,LAO,2008,39,125,955
Laos,LAO,2009,38,121,928
Laos,LAO,2010,37,117,901
Laos,LAO,2011,35,112,874
Laos,LAO,2012,95,107,835
Laos,LAO,2013,89,100,790
Laos,LAO,2014,53,59,502
Laos,LAO,2015,44,49,403
Latvia,LVA,2000,1,2,3
Latvia,LVA,2001,2,2,4
Latvia,LVA,2002,0,0,2
Latvia,LVA,2003,2,2,2
Latvia,LVA,2004,1,1,2
Latvia,LVA,2005,1,1,4
Latvia,LVA,2006,1,1,2
Latvia,LVA,2007,0,1,3
Latvia,LVA,2008,1,1,0
Latvia,LVA,2009,1,1,1
Latvia,LVA,2010,0,0,2
Latvia,LVA,2011,1,1,1
Latvia,LVA,2012,0,0,1
Latvia,LVA,2013,0,0,1
Latvia,LVA,2014,0,0,1
Latvia,LVA,2015,0,0,0
Lebanon,LBN,2000,2,3,32
Lebanon,LBN,2001,2,2,29
Lebanon,LBN,2002,2,2,27
Lebanon,LBN,2003,3,3,27
Lebanon,LBN,2004,3,3,25
Lebanon,LBN,2005,3,3,22
Lebanon,LBN,2006,2,2,19
Lebanon,LBN,2007,2,2,16
Lebanon,LBN,2008,2,2,13
Lebanon,LBN,2009,1,2,11
Lebanon,LBN,2010,1,1,11
Lebanon,LBN,2011,1,2,11
Lebanon,LBN,2012,1,2,12
Lebanon,LBN,2013,2,2,14
Lebanon,LBN,2014,2,2,15
Lebanon,LBN,2015,2,2,15
Lesotho,LSO,2000,15,49,309
Lesotho,LSO,2001,16,50,317
Lesotho,LSO,2002,16,50,321
Lesotho,LSO,2003,16,50,322
Lesotho,LSO,2004,16,51,320
Lesotho,LSO,2005,16,51,320
Lesotho,LSO,2006,16,52,322
Lesotho,LSO,2007,16,52,323
Lesotho,LSO,2008,16,52,326
Lesotho,LSO,2009,16,52,325
Lesotho,LSO,2010,16,51,325
Lesotho,LSO,2011,16,51,326
Lesotho,LSO,2012,16,51,331
Lesotho,LSO,2013,16,50,334
Lesotho,LSO,2014,16,50,334
Lesotho,LSO,2015,14,43,296
Liberia,LBR,2000,79,252,842
Liberia,LBR,2001,78,249,838
Liberia,LBR,2002,75,240,812
Liberia,LBR,2003,73,231,776
Liberia,LBR,2004,68,217,749
Liberia,LBR,2005,65,207,740
Liberia,LBR,2006,62,198,736
Liberia,LBR,2007,60,191,740
Liberia,LBR,2008,59,187,746
Liberia,LBR,2009,57,180,743
Liberia,LBR,2010,54,171,726
Liberia,LBR,2011,51,162,701
Liberia,LBR,2012,48,154,677
Liberia,LBR,2013,46,146,646
Liberia,LBR,2014,101,113,520
Liberia,LBR,2015,87,97,452
Libya,LBY,2000,12,14,104
Libya,LBY,2001,12,13,99
Libya,LBY,2002,11,13,95
Libya,LBY,2003,11,12,89
Libya,LBY,2004,10,11,83
Libya,LBY,2005,9,10,77
Libya,LBY,2006,9,10,72
Libya,LBY,2007,12,13,72
Libya,LBY,2008,13,14,73
Libya,LBY,2009,11,13,68
Libya,LBY,2010,11,12,64
Libya,LBY,2011,10,11,62
Libya,LBY,2012,9,10,57
Libya,LBY,2013,8,9,52
Libya,LBY,2014,7,7,43
Libya,LBY,2015,6,7,38
Lithuania,LTU,2000,2,3,10
Lithuania,LTU,2001,3,3,7
Lithuania,LTU,2002,3,3,10
Lithuania,LTU,2003,3,3,7
Lithuania,LTU,2004,1,1,8
Lithuania,LTU,2005,2,2,9
Lithuania,LTU,2006,2,3,7
Lithuania,LTU,2007,2,2,4
Lithuania,LTU,2008,1,2,4
Lithuania,LTU,2009,1,1,8
Lithuania,LTU,2010,3,3,2
Lithuania,LTU,2011,2,2,1
Lithuania,LTU,2012,2,2,5
Lithuania,LTU,2013,2,2,3
Lithuania,LTU,2014,2,2,3
Lithuania,LTU,2015,2,2,3
Luxembourg,LUX,2000,1,1,0
Luxembourg,LUX,2001,0,0,0
Luxembourg,LUX,2002,0,0,0
Luxembourg,LUX,2003,0,0,0
Luxembourg,LUX,2004,0,0,0
Luxembourg,LUX,2005,0,0,0
Luxembourg,LUX,2006,0,0,0
Luxembourg,LUX,2007,0,0,0
Luxembourg,LUX,2008,0,0,0
Luxembourg,LUX,2009,0,0,0
Luxembourg,LUX,2010,0,0,0
Luxembourg,LUX,2011,0,0,0
Luxembourg,LUX,2012,0,0,0
Luxembourg,LUX,2013,0,0,0
Luxembourg,LUX,2014,0,0,0
Luxembourg,LUX,2015,0,0,0
Madagascar,MDG,2000,252,801,4461
Madagascar,MDG,2001,244,775,4297
Madagascar,MDG,2002,234,745,4100
Madagascar,MDG,2003,223,711,3892
Madagascar,MDG,2004,211,671,3675
Madagascar,MDG,2005,199,634,3494
Madagascar,MDG,2006,187,595,3312
Madagascar,MDG,2007,502,563,3167
Madagascar,MDG,2008,479,538,3049
Madagascar,MDG,2009,465,523,2964
Madagascar,MDG,2010,452,508,2875
Madagascar,MDG,2011,444,499,2813
Madagascar,MDG,2012,437,491,2754
Madagascar,MDG,2013,293,329,1945
Madagascar,MDG,2014,261,294,1725
Madagascar,MDG,2015,251,282,1590
Malawi,MWI,2000,298,948,4149
Malawi,MWI,2001,283,899,3921
Malawi,MWI,2002,260,828,3606
Malawi,MWI,2003,238,759,3291
Malawi,MWI,2004,221,703,3036
Malawi,MWI,2005,208,660,2835
Malawi,MWI,2006,203,646,2759
Malawi,MWI,2007,196,624,2651
Malawi,MWI,2008,191,608,2569
Malawi,MWI,2009,191,606,2552
Malawi,MWI,2010,182,578,2430
Malawi,MWI,2011,187,596,2508
Malawi,MWI,2012,107,339,1556
Malawi,MWI,2013,258,289,1327
Malawi,MWI,2014,240,270,1177
Malawi,MWI,2015,219,246,1076
Malaysia,MYS,2000,35,39,141
Malaysia,MYS,2001,30,34,122
Malaysia,MYS,2002,27,31,110
Malaysia,MYS,2003,25,28,99
Malaysia,MYS,2004,35,40,99
Malaysia,MYS,2005,36,40,97
Malaysia,MYS,2006,33,37,89
Malaysia,MYS,2007,30,33,80
Malaysia,MYS,2008,28,31,74
Malaysia,MYS,2009,28,31,76
Malaysia,MYS,2010,28,31,75
Malaysia,MYS,2011,28,31,76
Malaysia,MYS,2012,27,30,75
Malaysia,MYS,2013,26,29,73
Malaysia,MYS,2014,25,28,70
Malaysia,MYS,2015,24,27,69
Maldives,MDV,2000,1,1,12
Maldives,MDV,2001,1,1,9
Maldives,MDV,2002,1,1,7
Maldives,MDV,2003,0,1,6
Maldives,MDV,2004,0,0,5
Maldives,MDV,2005,0,0,4
Maldives,MDV,2006,0,0,4
Maldives,MDV,2007,0,0,3
Maldives,MDV,2008,0,0,3
Maldives,MDV,2009,0,0,3
Maldives,MDV,2010,0,0,2
Maldives,MDV,2011,0,0,2
Maldives,MDV,2012,0,0,2
Maldives,MDV,2013,0,0,2
Maldives,MDV,2014,0,0,2
Maldives,MDV,2015,0,0,2
Mali,MLI,2000,313,996,5390
Mali,MLI,2001,310,987,5389
Mali,MLI,2002,303,963,5294
Mali,MLI,2003,287,912,5040
Mali,MLI,2004,279,888,4922
Mali,MLI,2005,277,880,4900
Mali,MLI,2006,281,895,5019
Mali,MLI,2007,295,940,5314
Mali,MLI,2008,293,932,5316
Mali,MLI,2009,300,953,5468
Mali,MLI,2010,293,932,5360
Mali,MLI,2011,217,690,4115
Mali,MLI,2012,171,545,3274
Mali,MLI,2013,151,480,2819
Mali,MLI,2014,133,423,2463
Mali,MLI,2015,144,459,2597
Malta,MLT,2000,1,1,0
Malta,MLT,2001,0,0,0
Malta,MLT,2002,0,0,0
Malta,MLT,2003,0,0,0
Malta,MLT,2004,0,0,0
Malta,MLT,2005,0,0,0
Malta,MLT,2006,0,0,0
Malta,MLT,2007,0,0,0
Malta,MLT,2008,0,0,0
Malta,MLT,2009,0,0,0
Malta,MLT,2010,0,1,0
Malta,MLT,2011,0,0,0
Malta,MLT,2012,0,0,0
Malta,MLT,2013,0,0,0
Malta,MLT,2014,0,0,0
Malta,MLT,2015,0,0,0
Marshall Islands,MHL,2000,0,0,5
Marshall Islands,MHL,2001,0,0,5
Marshall Islands,MHL,2002,0,0,5
Marshall Islands,MHL,2003,0,0,4
Marshall Islands,MHL,2004,0,0,4
Marshall Islands,MHL,2005,0,0,4
Marshall Islands,MHL,2006,0,0,4
Marshall Islands,MHL,2007,0,0,4
Marshall Islands,MHL,2008,0,0,4
Marshall Islands,MHL,2009,0,0,3
Marshall Islands,MHL,2010,0,0,3
Marshall Islands,MHL,2011,0,0,3
Marshall Islands,MHL,2012,0,0,2
Marshall Islands,MHL,2013,0,0,3
Marshall Islands,MHL,2014,0,0,3
Marshall Islands,MHL,2015,0,0,1
Mauritania,MRT,2000,30,94,631
Mauritania,MRT,2001,31,98,655
Mauritania,MRT,2002,32,102,679
Mauritania,MRT,2003,33,105,698
Mauritania,MRT,2004,33,106,711
Mauritania,MRT,2005,33,106,719
Mauritania,MRT,2006,33,107,723
Mauritania,MRT,2007,33,106,724
Mauritania,MRT,2008,33,106,720
Mauritania,MRT,2009,33,105,712
Mauritania,MRT,2010,33,105,707
Mauritania,MRT,2011,33,104,704
Mauritania,MRT,2012,32,102,693
Mauritania,MRT,2013,31,100,682
Mauritania,MRT,2014,21,68,494
Mauritania,MRT,2015,18,58,427
Mauritius,MUS,2000,2,3,4
Mauritius,MUS,2001,2,3,6
Mauritius,MUS,2002,1,1,4
Mauritius,MUS,2003,1,2,7
Mauritius,MUS,2004,2,2,7
Mauritius,MUS,2005,2,2,5
Mauritius,MUS,2006,5,6,6
Mauritius,MUS,2007,1,1,8
Mauritius,MUS,2008,3,3,8
Mauritius,MUS,2009,2,2,6
Mauritius,MUS,2010,2,2,6
Mauritius,MUS,2011,1,2,6
Mauritius,MUS,2012,0,0,7
Mauritius,MUS,2013,1,1,8
Mauritius,MUS,2014,1,1,6
Mauritius,MUS,2015,1,1,6
Mexico,MEX,2000,499,561,3758
Mexico,MEX,2001,402,451,3428
Mexico,MEX,2002,356,400,3486
Mexico,MEX,2003,361,405,2933
Mexico,MEX,2004,333,374,2953
Mexico,MEX,2005,279,313,2557
Mexico,MEX,2006,301,338,2428
Mexico,MEX,2007,289,324,2217
Mexico,MEX,2008,267,300,2065
Mexico,MEX,2009,184,207,1859
Mexico,MEX,2010,146,164,1180
Mexico,MEX,2011,106,119,867
Mexico,MEX,2012,77,87,652
Mexico,MEX,2013,77,87,651
Mexico,MEX,2014,72,81,611
Mexico,MEX,2015,69,77,583
Micronesia (country),FSM,2000,1,1,9
Micronesia (country),FSM,2001,0,1,9
Micronesia (country),FSM,2002,0,1,8
Micronesia (country),FSM,2003,0,1,8
Micronesia (country),FSM,2004,0,0,7
Micronesia (country),FSM,2005,0,0,7
Micronesia (country),FSM,2006,0,0,7
Micronesia (country),FSM,2007,0,0,6
Micronesia (country),FSM,2008,0,0,6
Micronesia (country),FSM,2009,0,0,6
Micronesia (country),FSM,2010,0,0,3
Micronesia (country),FSM,2011,0,0,3
Micronesia (country),FSM,2012,0,0,3
Micronesia (country),FSM,2013,0,0,3
Micronesia (country),FSM,2014,0,0,3
Micronesia (country),FSM,2015,0,0,1
Moldova,MDA,2000,3,4,60
Moldova,MDA,2001,1,1,49
Moldova,MDA,2002,2,2,36
Moldova,MDA,2003,1,2,33
Moldova,MDA,2004,1,2,24
Moldova,MDA,2005,2,2,22
Moldova,MDA,2006,0,1,24
Moldova,MDA,2007,1,1,18
Moldova,MDA,2008,1,1,19
Moldova,MDA,2009,2,2,20
Moldova,MDA,2010,2,2,20
Moldova,MDA,2011,3,3,20
Moldova,MDA,2012,2,2,18
Moldova,MDA,2013,1,1,19
Moldova,MDA,2014,2,2,17
Moldova,MDA,2015,1,1,12
Monaco,MCO,2000,0,0,0
Monaco,MCO,2001,0,0,0
Monaco,MCO,2002,0,0,0
Monaco,MCO,2003,0,0,0
Monaco,MCO,2004,0,0,0
Monaco,MCO,2005,0,0,0
Monaco,MCO,2006,0,0,0
Monaco,MCO,2007,0,0,0
Monaco,MCO,2008,0,0,0
Monaco,MCO,2009,0,0,0
Monaco,MCO,2010,0,0,0
Monaco,MCO,2011,0,0,0
Monaco,MCO,2012,0,0,0
Monaco,MCO,2013,0,0,0
Monaco,MCO,2014,0,0,0
Monaco,MCO,2015,0,0,0
Mongolia,MNG,2000,22,25,179
Mongolia,MNG,2001,20,22,160
Mongolia,MNG,2002,17,19,142
Mongolia,MNG,2003,15,17,129
Mongolia,MNG,2004,14,15,118
Mongolia,MNG,2005,13,14,110
Mongolia,MNG,2006,12,13,104
Mongolia,MNG,2007,11,13,101
Mongolia,MNG,2008,11,12,99
Mongolia,MNG,2009,11,13,98
Mongolia,MNG,2010,11,13,96
Mongolia,MNG,2011,11,13,94
Mongolia,MNG,2012,12,13,92
Mongolia,MNG,2013,12,14,88
Mongolia,MNG,2014,12,14,85
Mongolia,MNG,2015,12,14,81
Montenegro,MNE,2000,0,0,0
Montenegro,MNE,2001,0,0,0
Montenegro,MNE,2002,0,0,0
Montenegro,MNE,2003,0,0,0
Montenegro,MNE,2004,0,0,0
Montenegro,MNE,2005,0,0,1
Montenegro,MNE,2006,0,0,1
Montenegro,MNE,2007,0,0,1
Montenegro,MNE,2008,0,0,1
Montenegro,MNE,2009,0,0,0
Montenegro,MNE,2010,0,0,0
Montenegro,MNE,2011,0,0,0
Montenegro,MNE,2012,0,0,0
Montenegro,MNE,2013,0,0,0
Montenegro,MNE,2014,0,0,0
Montenegro,MNE,2015,0,0,0
Morocco,MAR,2000,169,189,1477
Morocco,MAR,2001,153,172,1356
Morocco,MAR,2002,140,157,1249
Morocco,MAR,2003,129,145,1164
Morocco,MAR,2004,121,135,1095
Morocco,MAR,2005,114,127,1035
Morocco,MAR,2006,107,120,981
Morocco,MAR,2007,103,116,940
Morocco,MAR,2008,99,111,902
Morocco,MAR,2009,97,109,885
Morocco,MAR,2010,95,107,862
Morocco,MAR,2011,88,99,805
Morocco,MAR,2012,64,72,609
Morocco,MAR,2013,54,61,515
Morocco,MAR,2014,35,39,340
Morocco,MAR,2015,28,31,268
Mozambique,MOZ,2000,388,1233,5040
Mozambique,MOZ,2001,378,1203,4979
Mozambique,MOZ,2002,373,1187,4986
Mozambique,MOZ,2003,370,1178,5027
Mozambique,MOZ,2004,372,1183,5124
Mozambique,MOZ,2005,375,1193,5231
Mozambique,MOZ,2006,375,1193,5287
Mozambique,MOZ,2007,370,1177,5277
Mozambique,MOZ,2008,360,1145,5207
Mozambique,MOZ,2009,344,1095,5082
Mozambique,MOZ,2010,329,1046,4967
Mozambique,MOZ,2011,313,996,4844
Mozambique,MOZ,2012,299,950,4722
Mozambique,MOZ,2013,239,759,3927
Mozambique,MOZ,2014,188,598,3190
Mozambique,MOZ,2015,165,526,2793
Myanmar,MMR,2000,303,964,4718
Myanmar,MMR,2001,291,924,4648
Myanmar,MMR,2002,278,884,4563
Myanmar,MMR,2003,263,837,4436
Myanmar,MMR,2004,697,783,4265
Myanmar,MMR,2005,647,727,4075
Myanmar,MMR,2006,597,670,3862
Myanmar,MMR,2007,547,615,3619
Myanmar,MMR,2008,323,1028,6132
Myanmar,MMR,2009,465,522,3151
Myanmar,MMR,2010,430,483,2949
Myanmar,MMR,2011,393,441,2729
Myanmar,MMR,2012,363,407,2553
Myanmar,MMR,2013,341,382,2419
Myanmar,MMR,2014,322,362,2304
Myanmar,MMR,2015,304,342,2189
Namibia,NAM,2000,7,23,191
Namibia,NAM,2001,7,22,191
Namibia,NAM,2002,7,22,191
Namibia,NAM,2003,7,22,190
Namibia,NAM,2004,19,22,190
Namibia,NAM,2005,19,21,191
Namibia,NAM,2006,19,21,190
Namibia,NAM,2007,19,21,189
Namibia,NAM,2008,19,21,190
Namibia,NAM,2009,19,21,191
Namibia,NAM,2010,19,21,194
Namibia,NAM,2011,19,22,197
Namibia,NAM,2012,20,22,201
Namibia,NAM,2013,20,22,204
Namibia,NAM,2014,20,22,206
Namibia,NAM,2015,13,15,143
Nauru,NRU,2000,0,0,0
Nauru,NRU,2001,0,0,0
Nauru,NRU,2002,0,0,0
Nauru,NRU,2003,0,0,0
Nauru,NRU,2004,0,0,0
Nauru,NRU,2005,0,0,0
Nauru,NRU,2006,0,0,0
Nauru,NRU,2007,0,0,0
Nauru,NRU,2008,0,0,0
Nauru,NRU,2009,0,0,0
Nauru,NRU,2010,0,0,0
Nauru,NRU,2011,0,0,0
Nauru,NRU,2012,0,0,0
Nauru,NRU,2013,0,0,0
Nauru,NRU,2014,0,0,0
Nauru,NRU,2015,0,0,0
Nepal,NPL,2000,154,490,3031
Nepal,NPL,2001,144,457,2835
Nepal,NPL,2002,373,419,2607
Nepal,NPL,2003,342,384,2390
Nepal,NPL,2004,310,349,2171
Nepal,NPL,2005,283,318,1984
Nepal,NPL,2006,257,289,1802
Nepal,NPL,2007,235,264,1653
Nepal,NPL,2008,213,240,1509
Nepal,NPL,2009,195,220,1390
Nepal,NPL,2010,176,198,1261
Nepal,NPL,2011,160,180,1153
Nepal,NPL,2012,142,160,1032
Nepal,NPL,2013,129,145,941
Nepal,NPL,2014,119,134,869
Nepal,NPL,2015,92,104,691
Netherlands,NLD,2000,11,12,9
Netherlands,NLD,2001,11,12,11
Netherlands,NLD,2002,11,12,8
Netherlands,NLD,2003,10,11,8
Netherlands,NLD,2004,4,4,8
Netherlands,NLD,2005,8,9,10
Netherlands,NLD,2006,3,4,7
Netherlands,NLD,2007,5,6,6
Netherlands,NLD,2008,4,4,6
Netherlands,NLD,2009,4,4,5
Netherlands,NLD,2010,3,3,4
Netherlands,NLD,2011,2,3,3
Netherlands,NLD,2012,1,1,3
Netherlands,NLD,2013,0,0,2
Netherlands,NLD,2014,1,1,2
Netherlands,NLD,2015,1,1,2
New Zealand,NZL,2000,7,8,9
New Zealand,NZL,2001,9,10,4
New Zealand,NZL,2002,7,8,5
New Zealand,NZL,2003,5,6,4
New Zealand,NZL,2004,5,6,13
New Zealand,NZL,2005,6,7,8
New Zealand,NZL,2006,1,1,10
New Zealand,NZL,2007,4,4,10
New Zealand,NZL,2008,5,6,8
New Zealand,NZL,2009,1,1,6
New Zealand,NZL,2010,2,3,5
New Zealand,NZL,2011,4,4,4
New Zealand,NZL,2012,2,2,3
New Zealand,NZL,2013,1,1,2
New Zealand,NZL,2014,1,1,2
New Zealand,NZL,2015,1,1,2
Nicaragua,NIC,2000,33,37,351
Nicaragua,NIC,2001,31,35,329
Nicaragua,NIC,2002,28,32,300
Nicaragua,NIC,2003,26,29,273
Nicaragua,NIC,2004,26,29,260
Nicaragua,NIC,2005,25,28,246
Nicaragua,NIC,2006,24,27,239
Nicaragua,NIC,2007,23,26,233
Nicaragua,NIC,2008,23,26,228
Nicaragua,NIC,2009,22,24,220
Nicaragua,NIC,2010,21,23,210
Nicaragua,NIC,2011,15,17,162
Nicaragua,NIC,2012,10,11,113
Nicaragua,NIC,2013,8,9,91
Nicaragua,NIC,2014,7,8,78
Nicaragua,NIC,2015,5,5,57
Niger,NER,2000,532,1693,8155
Niger,NER,2001,548,1742,8344
Niger,NER,2002,552,1757,8355
Niger,NER,2003,549,1747,8250
Niger,NER,2004,543,1726,8081
Niger,NER,2005,532,1693,7884
Niger,NER,2006,521,1657,7689
Niger,NER,2007,520,1654,7680
Niger,NER,2008,478,1519,7083
Niger,NER,2009,455,1447,6775
Niger,NER,2010,453,1440,6777
Niger,NER,2011,442,1406,6643
Niger,NER,2012,436,1386,6570
Niger,NER,2013,424,1349,6409
Niger,NER,2014,403,1282,6141
Niger,NER,2015,286,911,4571
Nigeria,NGA,2000,1982,6305,42934
Nigeria,NGA,2001,2002,6368,43717
Nigeria,NGA,2002,1998,6355,44229
Nigeria,NGA,2003,1936,6158,43777
Nigeria,NGA,2004,1900,6043,44065
Nigeria,NGA,2005,1861,5919,44093
Nigeria,NGA,2006,1867,5938,45173
Nigeria,NGA,2007,1845,5869,45444
Nigeria,NGA,2008,1808,5752,45148
Nigeria,NGA,2009,1805,5743,45719
Nigeria,NGA,2010,1825,5804,46948
Nigeria,NGA,2011,1804,5737,47046
Nigeria,NGA,2012,1744,5546,46006
Nigeria,NGA,2013,1735,5518,46045
Nigeria,NGA,2014,1699,5404,45213
Nigeria,NGA,2015,1580,5025,42386
Niue,NIU,2000,0,0,0
Niue,NIU,2001,0,0,0
Niue,NIU,2002,0,0,0
Niue,NIU,2003,0,0,0
Niue,NIU,2004,0,0,0
Niue,NIU,2005,0,0,0
Niue,NIU,2006,0,0,0
Niue,NIU,2007,0,0,0
Niue,NIU,2008,0,0,0
Niue,NIU,2009,0,0,0
Niue,NIU,2010,0,0,0
Niue,NIU,2011,0,0,0
Niue,NIU,2012,0,0,0
Niue,NIU,2013,0,0,0
Niue,NIU,2014,0,0,0
Niue,NIU,2015,0,0,0
North Korea,PRK,2000,276,310,1380
North Korea,PRK,2001,225,253,1126
North Korea,PRK,2002,181,204,917
North Korea,PRK,2003,148,166,762
North Korea,PRK,2004,125,140,659
North Korea,PRK,2005,114,128,613
North Korea,PRK,2006,109,122,598
North Korea,PRK,2007,106,119,593
North Korea,PRK,2008,101,114,574
North Korea,PRK,2009,97,109,557
North Korea,PRK,2010,92,104,536
North Korea,PRK,2011,88,99,517
North Korea,PRK,2012,84,94,498
North Korea,PRK,2013,81,91,487
North Korea,PRK,2014,78,88,475
North Korea,PRK,2015,75,84,458
North Macedonia,MKD,2000,1,1,11
North Macedonia,MKD,2001,1,1,12
North Macedonia,MKD,2002,1,1,10
North Macedonia,MKD,2003,1,1,9
North Macedonia,MKD,2004,1,1,9
North Macedonia,MKD,2005,0,0,8
North Macedonia,MKD,2006,1,1,7
North Macedonia,MKD,2007,2,2,6
North Macedonia,MKD,2008,1,1,3
North Macedonia,MKD,2009,1,1,7
North Macedonia,MKD,2010,2,2,6
North Macedonia,MKD,2011,1,1,4
North Macedonia,MKD,2012,1,1,4
North Macedonia,MKD,2013,1,1,4
North Macedonia,MKD,2014,1,1,4
North Macedonia,MKD,2015,1,1,3
Norway,NOR,2000,5,5,3
Norway,NOR,2001,0,0,2
Norway,NOR,2002,1,1,2
Norway,NOR,2003,2,2,2
Norway,NOR,2004,1,1,1
Norway,NOR,2005,0,0,2
Norway,NOR,2006,2,2,0
Norway,NOR,2007,1,1,5
Norway,NOR,2008,0,0,1
Norway,NOR,2009,1,1,3
Norway,NOR,2010,0,0,1
Norway,NOR,2011,1,1,1
Norway,NOR,2012,0,0,1
Norway,NOR,2013,0,0,0
Norway,NOR,2014,0,0,0
Norway,NOR,2015,0,0,0
Oman,OMN,2000,3,4,33
Oman,OMN,2001,3,3,29
Oman,OMN,2002,4,5,28
Oman,OMN,2003,4,4,26
Oman,OMN,2004,4,4,24
Oman,OMN,2005,3,4,23
Oman,OMN,2006,3,3,22
Oman,OMN,2007,3,4,22
Oman,OMN,2008,3,4,22
Oman,OMN,2009,3,3,19
Oman,OMN,2010,3,3,16
Oman,OMN,2011,2,2,13
Oman,OMN,2012,2,2,12
Oman,OMN,2013,2,2,10
Oman,OMN,2014,2,2,10
Oman,OMN,2015,2,2,10
Pakistan,PAK,2000,1048,3333,23715
Pakistan,PAK,2001,1027,3267,23339
Pakistan,PAK,2002,995,3165,22769
Pakistan,PAK,2003,967,3075,22329
Pakistan,PAK,2004,946,3008,22049
Pakistan,PAK,2005,937,2981,22061
Pakistan,PAK,2006,928,2951,22049
Pakistan,PAK,2007,925,2941,22201
Pakistan,PAK,2008,925,2943,22404
Pakistan,PAK,2009,927,2950,22641
Pakistan,PAK,2010,922,2931,22655
Pakistan,PAK,2011,917,2915,22691
Pakistan,PAK,2012,897,2855,22356
Pakistan,PAK,2013,590,1877,15577
Pakistan,PAK,2014,507,1614,13020
Pakistan,PAK,2015,492,1565,12361
Palau,PLW,2000,0,0,0
Palau,PLW,2001,0,0,0
Palau,PLW,2002,0,0,0
Palau,PLW,2003,0,0,0
Palau,PLW,2004,0,0,0
Palau,PLW,2005,0,0,0
Palau,PLW,2006,0,0,0
Palau,PLW,2007,0,0,0
Palau,PLW,2008,0,0,0
Palau,PLW,2009,0,0,0
Palau,PLW,2010,0,0,0
Palau,PLW,2011,0,0,0
Palau,PLW,2012,0,0,0
Palau,PLW,2013,0,0,0
Palau,PLW,2014,0,0,0
Palau,PLW,2015,0,0,0
Panama,PAN,2000,7,7,38
Panama,PAN,2001,10,11,43
Panama,PAN,2002,9,10,40
Panama,PAN,2003,4,5,43
Panama,PAN,2004,9,10,45
Panama,PAN,2005,6,6,55
Panama,PAN,2006,7,8,53
Panama,PAN,2007,7,7,63
Panama,PAN,2008,4,5,68
Panama,PAN,2009,9,10,44
Panama,PAN,2010,8,9,73
Panama,PAN,2011,7,8,59
Panama,PAN,2012,4,5,45
Panama,PAN,2013,4,5,43
Panama,PAN,2014,3,3,28
Panama,PAN,2015,2,2,21
Papua New Guinea,PNG,2000,20,64,859
Papua New Guinea,PNG,2001,21,66,875
Papua New Guinea,PNG,2002,21,67,884
Papua New Guinea,PNG,2003,21,67,886
Papua New Guinea,PNG,2004,21,68,889
Papua New Guinea,PNG,2005,60,67,891
Papua New Guinea,PNG,2006,59,67,890
Papua New Guinea,PNG,2007,59,66,891
Papua New Guinea,PNG,2008,58,65,883
Papua New Guinea,PNG,2009,57,64,878
Papua New Guinea,PNG,2010,55,62,864
Papua New Guinea,PNG,2011,54,60,849
Papua New Guinea,PNG,2012,52,58,832
Papua New Guinea,PNG,2013,51,57,817
Papua New Guinea,PNG,2014,49,55,794
Papua New Guinea,PNG,2015,43,48,671
Paraguay,PRY,2000,19,21,204
Paraguay,PRY,2001,18,20,195
Paraguay,PRY,2002,17,19,182
Paraguay,PRY,2003,30,34,188
Paraguay,PRY,2004,31,35,182
Paraguay,PRY,2005,30,34,172
Paraguay,PRY,2006,29,33,165
Paraguay,PRY,2007,28,31,158
Paraguay,PRY,2008,27,31,153
Paraguay,PRY,2009,26,29,146
Paraguay,PRY,2010,25,28,141
Paraguay,PRY,2011,24,26,134
Paraguay,PRY,2012,17,19,97
Paraguay,PRY,2013,13,15,76
Paraguay,PRY,2014,12,13,66
Paraguay,PRY,2015,11,12,59
Peru,PER,2000,208,234,1417
Peru,PER,2001,174,195,1227
Peru,PER,2002,159,178,1097
Peru,PER,2003,140,157,972
Peru,PER,2004,142,160,873
Peru,PER,2005,127,142,786
Peru,PER,2006,117,131,729
Peru,PER,2007,107,120,670
Peru,PER,2008,99,111,615
Peru,PER,2009,89,100,554
Peru,PER,2010,70,78,446
Peru,PER,2011,58,65,373
Peru,PER,2012,43,49,286
Peru,PER,2013,29,32,196
Peru,PER,2014,23,26,157
Peru,PER,2015,20,23,140
Philippines,PHL,2000,546,613,5040
Philippines,PHL,2001,534,600,4978
Philippines,PHL,2002,521,585,4899
Philippines,PHL,2003,509,572,4838
Philippines,PHL,2004,495,555,4753
Philippines,PHL,2005,465,522,4528
Philippines,PHL,2006,454,511,4482
Philippines,PHL,2007,434,488,4341
Philippines,PHL,2008,415,466,4193
Philippines,PHL,2009,396,445,4043
Philippines,PHL,2010,382,429,3917
Philippines,PHL,2011,376,422,3848
Philippines,PHL,2012,370,415,3771
Philippines,PHL,2013,369,415,3743
Philippines,PHL,2014,300,337,3096
Philippines,PHL,2015,318,357,3182
Poland,POL,2000,9,10,47
Poland,POL,2001,8,9,39
Poland,POL,2002,6,7,29
Poland,POL,2003,7,7,34
Poland,POL,2004,5,6,35
Poland,POL,2005,6,6,36
Poland,POL,2006,9,10,39
Poland,POL,2007,7,8,43
Poland,POL,2008,9,10,40
Poland,POL,2009,7,8,45
Poland,POL,2010,7,8,38
Poland,POL,2011,6,7,30
Poland,POL,2012,6,6,30
Poland,POL,2013,5,6,40
Poland,POL,2014,5,6,31
Poland,POL,2015,5,6,31
Portugal,PRT,2000,11,12,10
Portugal,PRT,2001,3,3,10
Portugal,PRT,2002,8,9,11
Portugal,PRT,2003,5,6,9
Portugal,PRT,2004,3,3,6
Portugal,PRT,2005,2,3,5
Portugal,PRT,2006,2,3,5
Portugal,PRT,2007,1,1,3
Portugal,PRT,2008,1,1,4
Portugal,PRT,2009,1,1,7
Portugal,PRT,2010,1,2,1
Portugal,PRT,2011,1,1,3
Portugal,PRT,2012,0,0,1
Portugal,PRT,2013,1,1,1
Portugal,PRT,2014,0,0,1
Portugal,PRT,2015,0,0,0
Qatar,QAT,2000,1,1,3
Qatar,QAT,2001,1,1,3
Qatar,QAT,2002,1,1,3
Qatar,QAT,2003,1,1,3
Qatar,QAT,2004,1,1,3
Qatar,QAT,2005,1,1,3
Qatar,QAT,2006,1,1,2
Qatar,QAT,2007,1,1,2
Qatar,QAT,2008,1,1,3
Qatar,QAT,2009,0,1,2
Qatar,QAT,2010,0,1,2
Qatar,QAT,2011,0,0,2
Qatar,QAT,2012,0,0,2
Qatar,QAT,2013,0,0,2
Qatar,QAT,2014,0,0,1
Qatar,QAT,2015,0,0,1
Romania,ROU,2000,37,42,587
Romania,ROU,2001,37,42,547
Romania,ROU,2002,39,43,486
Romania,ROU,2003,25,28,392
Romania,ROU,2004,18,20,383
Romania,ROU,2005,16,18,318
Romania,ROU,2006,15,16,280
Romania,ROU,2007,14,16,263
Romania,ROU,2008,9,10,257
Romania,ROU,2009,8,9,226
Romania,ROU,2010,10,11,222
Romania,ROU,2011,12,14,239
Romania,ROU,2012,6,7,214
Romania,ROU,2013,8,10,201
Romania,ROU,2014,8,9,183
Romania,ROU,2015,7,8,169
Russia,RUS,2000,172,193,1147
Russia,RUS,2001,163,183,1090
Russia,RUS,2002,149,167,997
Russia,RUS,2003,132,148,876
Russia,RUS,2004,120,134,790
Russia,RUS,2005,108,121,706
Russia,RUS,2006,97,109,632
Russia,RUS,2007,87,97,562
Russia,RUS,2008,78,88,509
Russia,RUS,2009,73,82,477
Russia,RUS,2010,68,77,452
Russia,RUS,2011,64,72,425
Russia,RUS,2012,71,79,392
Russia,RUS,2013,70,79,395
Russia,RUS,2014,67,75,382
Russia,RUS,2015,64,72,373
Rwanda,RWA,2000,258,819,3935
Rwanda,RWA,2001,262,833,4037
Rwanda,RWA,2002,229,729,3567
Rwanda,RWA,2003,205,653,3222
Rwanda,RWA,2004,174,554,2763
Rwanda,RWA,2005,150,478,2407
Rwanda,RWA,2006,131,416,2121
Rwanda,RWA,2007,115,367,1895
Rwanda,RWA,2008,103,327,1709
Rwanda,RWA,2009,262,294,1548
Rwanda,RWA,2010,198,223,1204
Rwanda,RWA,2011,141,158,880
Rwanda,RWA,2012,92,104,590
Rwanda,RWA,2013,73,82,457
Rwanda,RWA,2014,48,54,304
Rwanda,RWA,2015,39,44,244
Saint Kitts and Nevis,KNA,2000,0,0,0
Saint Kitts and Nevis,KNA,2001,0,0,0
Saint Kitts and Nevis,KNA,2002,0,0,0
Saint Kitts and Nevis,KNA,2003,0,0,0
Saint Kitts and Nevis,KNA,2004,0,0,0
Saint Kitts and Nevis,KNA,2005,0,0,0
Saint Kitts and Nevis,KNA,2006,0,0,0
Saint Kitts and Nevis,KNA,2007,0,0,0
Saint Kitts and Nevis,KNA,2008,0,0,0
Saint Kitts and Nevis,KNA,2009,0,0,0
Saint Kitts and Nevis,KNA,2010,0,0,0
Saint Kitts and Nevis,KNA,2011,0,0,0
Saint Kitts and Nevis,KNA,2012,0,0,0
Saint Kitts and Nevis,KNA,2013,0,0,0
Saint Kitts and Nevis,KNA,2014,0,0,0
Saint Kitts and Nevis,KNA,2015,0,0,0
Saint Lucia,LCA,2000,0,0,1
Saint Lucia,LCA,2001,0,0,1
Saint Lucia,LCA,2002,0,0,1
Saint Lucia,LCA,2003,0,0,1
Saint Lucia,LCA,2004,0,0,1
Saint Lucia,LCA,2005,0,0,1
Saint Lucia,LCA,2006,0,0,2
Saint Lucia,LCA,2007,0,0,1
Saint Lucia,LCA,2008,0,0,1
Saint Lucia,LCA,2009,0,0,1
Saint Lucia,LCA,2010,0,0,1
Saint Lucia,LCA,2011,0,0,1
Saint Lucia,LCA,2012,0,0,0
Saint Lucia,LCA,2013,0,0,0
Saint Lucia,LCA,2014,0,0,1
Saint Lucia,LCA,2015,0,0,1
Saint Vincent and the Grenadines,VCT,2000,0,0,1
Saint Vincent and the Grenadines,VCT,2001,0,0,1
Saint Vincent and the Grenadines,VCT,2002,0,0,0
Saint Vincent and the Grenadines,VCT,2003,0,0,0
Saint Vincent and the Grenadines,VCT,2004,0,0,0
Saint Vincent and the Grenadines,VCT,2005,0,0,0
Saint Vincent and the Grenadines,VCT,2006,0,0,0
Saint Vincent and the Grenadines,VCT,2007,0,0,0
Saint Vincent and the Grenadines,VCT,2008,0,0,0
Saint Vincent and the Grenadines,VCT,2009,0,0,0
Saint Vincent and the Grenadines,VCT,2010,0,0,0
Saint Vincent and the Grenadines,VCT,2011,0,0,1
Saint Vincent and the Grenadines,VCT,2012,0,0,1
Saint Vincent and the Grenadines,VCT,2013,0,0,1
Saint Vincent and the Grenadines,VCT,2014,0,0,1
Saint Vincent and the Grenadines,VCT,2015,0,0,1
Samoa,WSM,2000,0,0,4
Samoa,WSM,2001,0,0,4
Samoa,WSM,2002,0,0,3
Samoa,WSM,2003,0,0,3
Samoa,WSM,2004,0,0,3
Samoa,WSM,2005,0,0,3
Samoa,WSM,2006,0,0,2
Samoa,WSM,2007,0,0,2
Samoa,WSM,2008,0,0,2
Samoa,WSM,2009,0,0,3
Samoa,WSM,2010,1,1,3
Samoa,WSM,2011,1,1,3
Samoa,WSM,2012,1,1,3
Samoa,WSM,2013,0,1,3
Samoa,WSM,2014,0,1,3
Samoa,WSM,2015,0,0,2
San Marino,SMR,2000,0,0,0
San Marino,SMR,2001,0,0,0
San Marino,SMR,2002,0,0,0
San Marino,SMR,2003,0,0,0
San Marino,SMR,2004,0,0,0
San Marino,SMR,2005,0,0,0
San Marino,SMR,2006,0,0,0
San Marino,SMR,2007,0,0,0
San Marino,SMR,2008,0,0,0
San Marino,SMR,2009,0,0,0
San Marino,SMR,2010,0,0,0
San Marino,SMR,2011,0,0,0
San Marino,SMR,2012,0,0,0
San Marino,SMR,2013,0,0,0
San Marino,SMR,2014,0,0,0
San Marino,SMR,2015,0,0,0
Sao Tome and Principe,STP,2000,1,4,28
Sao Tome and Principe,STP,2001,1,4,28
Sao Tome and Principe,STP,2002,1,4,27
Sao Tome and Principe,STP,2003,1,4,26
Sao Tome and Principe,STP,2004,4,4,25
Sao Tome and Principe,STP,2005,3,4,24
Sao Tome and Principe,STP,2006,3,4,23
Sao Tome and Principe,STP,2007,3,4,22
Sao Tome and Principe,STP,2008,3,4,22
Sao Tome and Principe,STP,2009,3,3,20
Sao Tome and Principe,STP,2010,3,3,20
Sao Tome and Principe,STP,2011,3,3,20
Sao Tome and Principe,STP,2012,3,3,19
Sao Tome and Principe,STP,2013,2,2,12
Sao Tome and Principe,STP,2014,1,1,10
Sao Tome and Principe,STP,2015,1,1,8
Saudi Arabia,SAU,2000,46,52,407
Saudi Arabia,SAU,2001,43,48,375
Saudi Arabia,SAU,2002,64,72,380
Saudi Arabia,SAU,2003,62,70,365
Saudi Arabia,SAU,2004,59,66,341
Saudi Arabia,SAU,2005,56,63,325
Saudi Arabia,SAU,2006,54,60,309
Saudi Arabia,SAU,2007,54,60,303
Saudi Arabia,SAU,2008,52,58,287
Saudi Arabia,SAU,2009,44,49,236
Saudi Arabia,SAU,2010,35,39,182
Saudi Arabia,SAU,2011,27,31,135
Saudi Arabia,SAU,2012,25,28,119
Saudi Arabia,SAU,2013,19,21,89
Saudi Arabia,SAU,2014,17,19,78
Saudi Arabia,SAU,2015,16,18,73
Senegal,SEN,2000,148,471,2951
Senegal,SEN,2001,150,476,2988
Senegal,SEN,2002,145,463,2904
Senegal,SEN,2003,140,447,2799
Senegal,SEN,2004,135,429,2681
Senegal,SEN,2005,129,410,2548
Senegal,SEN,2006,123,390,2419
Senegal,SEN,2007,116,367,2276
Senegal,SEN,2008,108,344,2139
Senegal,SEN,2009,287,323,2009
Senegal,SEN,2010,271,305,1898
Senegal,SEN,2011,257,289,1798
Senegal,SEN,2012,246,277,1726
Senegal,SEN,2013,240,269,1684
Senegal,SEN,2014,153,172,1144
Senegal,SEN,2015,120,134,909
Serbia,SRB,2000,4,5,25
Serbia,SRB,2001,4,4,17
Serbia,SRB,2002,2,2,14
Serbia,SRB,2003,3,3,20
Serbia,SRB,2004,2,3,19
Serbia,SRB,2005,3,4,14
Serbia,SRB,2006,2,2,9
Serbia,SRB,2007,3,3,17
Serbia,SRB,2008,1,1,15
Serbia,SRB,2009,2,2,13
Serbia,SRB,2010,1,1,10
Serbia,SRB,2011,2,2,12
Serbia,SRB,2012,0,0,10
Serbia,SRB,2013,1,1,7
Serbia,SRB,2014,1,1,10
Serbia,SRB,2015,1,1,10
Seychelles,SYC,2000,0,0,0
Seychelles,SYC,2001,0,0,0
Seychelles,SYC,2002,0,0,0
Seychelles,SYC,2003,0,0,0
Seychelles,SYC,2004,0,0,0
Seychelles,SYC,2005,0,0,0
Seychelles,SYC,2006,0,0,0
Seychelles,SYC,2007,0,0,0
Seychelles,SYC,2008,0,0,0
Seychelles,SYC,2009,0,0,0
Seychelles,SYC,2010,0,0,0
Seychelles,SYC,2011,0,0,0
Seychelles,SYC,2012,0,0,0
Seychelles,SYC,2013,0,0,0
Seychelles,SYC,2014,0,0,0
Seychelles,SYC,2015,0,0,0
Sierra Leone,SLE,2000,117,373,1807
Sierra Leone,SLE,2001,119,379,1841
Sierra Leone,SLE,2002,121,386,1895
Sierra Leone,SLE,2003,125,397,1962
Sierra Leone,SLE,2004,128,407,2036
Sierra Leone,SLE,2005,129,409,2080
Sierra Leone,SLE,2006,129,409,2108
Sierra Leone,SLE,2007,125,397,2061
Sierra Leone,SLE,2008,119,378,1960
Sierra Leone,SLE,2009,113,359,1839
Sierra Leone,SLE,2010,107,340,1725
Sierra Leone,SLE,2011,70,224,1201
Sierra Leone,SLE,2012,53,169,937
Sierra Leone,SLE,2013,47,148,807
Sierra Leone,SLE,2014,46,147,796
Sierra Leone,SLE,2015,30,97,554
Singapore,SGP,2000,3,3,5
Singapore,SGP,2001,1,1,6
Singapore,SGP,2002,2,2,6
Singapore,SGP,2003,0,0,9
Singapore,SGP,2004,1,1,7
Singapore,SGP,2005,1,1,8
Singapore,SGP,2006,0,0,8
Singapore,SGP,2007,1,1,9
Singapore,SGP,2008,1,1,5
Singapore,SGP,2009,1,1,6
Singapore,SGP,2010,0,0,4
Singapore,SGP,2011,1,1,5
Singapore,SGP,2012,0,0,8
Singapore,SGP,2013,0,0,5
Singapore,SGP,2014,0,0,5
Singapore,SGP,2015,0,0,5
Slovakia,SVK,2000,3,3,22
Slovakia,SVK,2001,5,5,19
Slovakia,SVK,2002,2,2,19
Slovakia,SVK,2003,3,3,17
Slovakia,SVK,2004,2,2,18
Slovakia,SVK,2005,2,2,19
Slovakia,SVK,2006,2,2,16
Slovakia,SVK,2007,1,1,21
Slovakia,SVK,2008,3,4,21
Slovakia,SVK,2009,2,2,11
Slovakia,SVK,2010,1,1,8
Slovakia,SVK,2011,1,1,7
Slovakia,SVK,2012,1,1,6
Slovakia,SVK,2013,0,0,6
Slovakia,SVK,2014,1,1,5
Slovakia,SVK,2015,1,1,6
Slovenia,SVN,2000,0,0,0
Slovenia,SVN,2001,0,0,1
Slovenia,SVN,2002,1,1,1
Slovenia,SVN,2003,0,0,2
Slovenia,SVN,2004,0,0,0
Slovenia,SVN,2005,0,0,0
Slovenia,SVN,2006,0,0,0
Slovenia,SVN,2007,0,0,1
Slovenia,SVN,2008,0,0,0
Slovenia,SVN,2009,0,0,1
Slovenia,SVN,2010,0,0,1
Slovenia,SVN,2011,0,0,1
Slovenia,SVN,2012,0,0,1
Slovenia,SVN,2013,0,0,1
Slovenia,SVN,2014,0,0,0
Slovenia,SVN,2015,0,0,0
Solomon Islands,SLB,2000,2,2,22
Solomon Islands,SLB,2001,2,2,23
Solomon Islands,SLB,2002,2,2,24
Solomon Islands,SLB,2003,2,2,24
Solomon Islands,SLB,2004,2,2,25
Solomon Islands,SLB,2005,2,2,26
Solomon Islands,SLB,2006,2,2,27
Solomon Islands,SLB,2007,2,2,27
Solomon Islands,SLB,2008,2,2,27
Solomon Islands,SLB,2009,2,2,27
Solomon Islands,SLB,2010,2,2,27
Solomon Islands,SLB,2011,2,2,27
Solomon Islands,SLB,2012,2,2,26
Solomon Islands,SLB,2013,2,2,26
Solomon Islands,SLB,2014,2,2,25
Solomon Islands,SLB,2015,1,2,18
Somalia,SOM,2000,236,749,3620
Somalia,SOM,2001,240,764,3687
Somalia,SOM,2002,250,795,3838
Somalia,SOM,2003,268,852,4111
Somalia,SOM,2004,276,877,4235
Somalia,SOM,2005,286,908,4394
Somalia,SOM,2006,295,940,4554
Somalia,SOM,2007,306,972,4716
Somalia,SOM,2008,313,996,4833
Somalia,SOM,2009,318,1011,4906
Somalia,SOM,2010,319,1016,4928
Somalia,SOM,2011,316,1005,4885
Somalia,SOM,2012,309,982,4789
Somalia,SOM,2013,301,957,4688
Somalia,SOM,2014,291,927,4558
Somalia,SOM,2015,286,911,4493
South Africa,ZAF,2000,144,459,4235
South Africa,ZAF,2001,143,455,4220
South Africa,ZAF,2002,136,433,4045
South Africa,ZAF,2003,126,401,3789
South Africa,ZAF,2004,117,372,3550
South Africa,ZAF,2005,112,357,3443
South Africa,ZAF,2006,312,351,3420
South Africa,ZAF,2007,319,358,3518
South Africa,ZAF,2008,334,375,3696
South Africa,ZAF,2009,339,381,3751
South Africa,ZAF,2010,304,342,3392
South Africa,ZAF,2011,262,294,2943
South Africa,ZAF,2012,189,213,2182
South Africa,ZAF,2013,180,202,2016
South Africa,ZAF,2014,162,182,1786
South Africa,ZAF,2015,94,106,1118
South Korea,KOR,2000,22,24,56
South Korea,KOR,2001,18,20,49
South Korea,KOR,2002,18,21,44
South Korea,KOR,2003,14,16,36
South Korea,KOR,2004,15,17,25
South Korea,KOR,2005,11,13,23
South Korea,KOR,2006,15,17,27
South Korea,KOR,2007,18,20,20
South Korea,KOR,2008,12,13,20
South Korea,KOR,2009,12,14,21
South Korea,KOR,2010,13,14,19
South Korea,KOR,2011,16,18,19
South Korea,KOR,2012,12,13,13
South Korea,KOR,2013,11,13,14
South Korea,KOR,2014,14,16,16
South Korea,KOR,2015,9,10,10
South Sudan,SSD,2000,143,454,2919
South Sudan,SSD,2001,142,452,2928
South Sudan,SSD,2002,136,433,2836
South Sudan,SSD,2003,130,414,2739
South Sudan,SSD,2004,124,394,2651
South Sudan,SSD,2005,116,370,2518
South Sudan,SSD,2006,112,356,2457
South Sudan,SSD,2007,109,346,2410
South Sudan,SSD,2008,110,351,2444
South Sudan,SSD,2009,111,352,2434
South Sudan,SSD,2010,113,359,2437
South Sudan,SSD,2011,116,368,2434
South Sudan,SSD,2012,114,364,2345
South Sudan,SSD,2013,118,374,2367
South Sudan,SSD,2014,117,373,2323
South Sudan,SSD,2015,116,370,2287
Spain,ESP,2000,23,25,18
Spain,ESP,2001,14,15,6
Spain,ESP,2002,13,15,16
Spain,ESP,2003,18,20,18
Spain,ESP,2004,14,16,14
Spain,ESP,2005,20,22,13
Spain,ESP,2006,16,18,18
Spain,ESP,2007,15,17,22
Spain,ESP,2008,13,15,13
Spain,ESP,2009,15,17,17
Spain,ESP,2010,8,9,14
Spain,ESP,2011,9,10,12
Spain,ESP,2012,6,7,9
Spain,ESP,2013,9,10,7
Spain,ESP,2014,7,8,8
Spain,ESP,2015,6,7,7
Sri Lanka,LKA,2000,13,15,126
Sri Lanka,LKA,2001,12,14,119
Sri Lanka,LKA,2002,12,13,113
Sri Lanka,LKA,2003,12,13,110
Sri Lanka,LKA,2004,11,12,101
Sri Lanka,LKA,2005,11,12,99
Sri Lanka,LKA,2006,10,11,90
Sri Lanka,LKA,2007,9,10,83
Sri Lanka,LKA,2008,8,9,76
Sri Lanka,LKA,2009,8,9,71
Sri Lanka,LKA,2010,15,17,76
Sri Lanka,LKA,2011,15,17,74
Sri Lanka,LKA,2012,14,16,70
Sri Lanka,LKA,2013,13,15,67
Sri Lanka,LKA,2014,12,14,62
Sri Lanka,LKA,2015,12,14,61
Sudan,SDN,2000,365,1162,7034
Sudan,SDN,2001,371,1181,7230
Sudan,SDN,2002,366,1164,7214
Sudan,SDN,2003,361,1148,7213
Sudan,SDN,2004,353,1123,7168
Sudan,SDN,2005,335,1066,6914
Sudan,SDN,2006,326,1036,6820
Sudan,SDN,2007,315,1002,6692
Sudan,SDN,2008,313,996,6723
Sudan,SDN,2009,302,961,6541
Sudan,SDN,2010,293,931,6377
Sudan,SDN,2011,287,914,6311
Sudan,SDN,2012,276,878,6103
Sudan,SDN,2013,681,765,5430
Sudan,SDN,2014,427,480,3637
Sudan,SDN,2015,367,412,3072
Suriname,SUR,2000,2,2,7
Suriname,SUR,2001,1,1,7
Suriname,SUR,2002,3,3,4
Suriname,SUR,2003,1,1,10
Suriname,SUR,2004,1,1,4
Suriname,SUR,2005,1,1,10
Suriname,SUR,2006,3,3,7
Suriname,SUR,2007,1,1,9
Suriname,SUR,2008,2,2,6
Suriname,SUR,2009,2,2,8
Suriname,SUR,2010,4,4,9
Suriname,SUR,2011,2,2,6
Suriname,SUR,2012,0,0,8
Suriname,SUR,2013,2,2,7
Suriname,SUR,2014,2,2,7
Suriname,SUR,2015,2,2,6
Sweden,SWE,2000,1,1,2
Sweden,SWE,2001,1,1,2
Sweden,SWE,2002,2,2,2
Sweden,SWE,2003,2,2,4
Sweden,SWE,2004,1,2,5
Sweden,SWE,2005,2,2,5
Sweden,SWE,2006,1,1,3
Sweden,SWE,2007,2,3,4
Sweden,SWE,2008,0,0,7
Sweden,SWE,2009,0,0,2
Sweden,SWE,2010,1,1,2
Sweden,SWE,2011,0,0,3
Sweden,SWE,2012,0,0,1
Sweden,SWE,2013,0,0,2
Sweden,SWE,2014,0,0,2
Sweden,SWE,2015,0,0,2
Switzerland,CHE,2000,3,3,2
Switzerland,CHE,2001,4,4,3
Switzerland,CHE,2002,4,4,3
Switzerland,CHE,2003,2,2,2
Switzerland,CHE,2004,0,0,1
Switzerland,CHE,2005,2,2,3
Switzerland,CHE,2006,2,2,1
Switzerland,CHE,2007,1,1,1
Switzerland,CHE,2008,1,1,2
Switzerland,CHE,2009,2,2,2
Switzerland,CHE,2010,1,1,2
Switzerland,CHE,2011,0,0,1
Switzerland,CHE,2012,0,0,0
Switzerland,CHE,2013,0,0,0
Switzerland,CHE,2014,0,0,0
Switzerland,CHE,2015,0,0,0
Syria,SYR,2000,19,21,476
Syria,SYR,2001,34,38,479
Syria,SYR,2002,33,37,443
Syria,SYR,2003,30,34,396
Syria,SYR,2004,28,31,358
Syria,SYR,2005,26,29,331
Syria,SYR,2006,26,29,318
Syria,SYR,2007,26,29,310
Syria,SYR,2008,25,28,299
Syria,SYR,2009,24,27,291
Syria,SYR,2010,22,24,262
Syria,SYR,2011,19,21,231
Syria,SYR,2012,14,16,184
Syria,SYR,2013,11,13,148
Syria,SYR,2014,10,11,127
Syria,SYR,2015,10,11,123
Tajikistan,TJK,2000,74,234,1247
Tajikistan,TJK,2001,66,209,1128
Tajikistan,TJK,2002,58,183,1006
Tajikistan,TJK,2003,142,160,895
Tajikistan,TJK,2004,127,142,813
Tajikistan,TJK,2005,115,130,756
Tajikistan,TJK,2006,108,121,717
Tajikistan,TJK,2007,104,116,700
Tajikistan,TJK,2008,102,114,697
Tajikistan,TJK,2009,103,115,708
Tajikistan,TJK,2010,103,116,717
Tajikistan,TJK,2011,103,116,724
Tajikistan,TJK,2012,102,115,729
Tajikistan,TJK,2013,101,114,727
Tajikistan,TJK,2014,100,112,720
Tajikistan,TJK,2015,96,108,700
Tanzania,TZA,2000,600,1908,9438
Tanzania,TZA,2001,578,1838,9111
Tanzania,TZA,2002,550,1750,8701
Tanzania,TZA,2003,552,1756,8774
Tanzania,TZA,2004,534,1697,8545
Tanzania,TZA,2005,512,1628,8284
Tanzania,TZA,2006,488,1553,7985
Tanzania,TZA,2007,455,1447,7516
Tanzania,TZA,2008,1210,1359,7122
Tanzania,TZA,2009,1150,1292,6813
Tanzania,TZA,2010,1107,1243,6586
Tanzania,TZA,2011,1067,1198,6369
Tanzania,TZA,2012,1052,1182,6297
Tanzania,TZA,2013,696,782,4423
Tanzania,TZA,2014,535,601,3466
Tanzania,TZA,2015,472,530,2942
Thailand,THA,2000,66,74,635
Thailand,THA,2001,61,69,582
Thailand,THA,2002,58,65,540
Thailand,THA,2003,54,61,504
Thailand,THA,2004,51,57,465
Thailand,THA,2005,47,52,423
Thailand,THA,2006,43,48,387
Thailand,THA,2007,40,45,355
Thailand,THA,2008,36,41,322
Thailand,THA,2009,34,38,302
Thailand,THA,2010,32,36,285
Thailand,THA,2011,30,34,268
Thailand,THA,2012,28,31,252
Thailand,THA,2013,26,29,239
Thailand,THA,2014,24,27,225
Thailand,THA,2015,23,26,219
Togo,TGO,2000,46,147,791
Togo,TGO,2001,47,151,803
Togo,TGO,2002,48,153,809
Togo,TGO,2003,48,153,808
Togo,TGO,2004,48,153,805
Togo,TGO,2005,48,152,797
Togo,TGO,2006,47,151,791
Togo,TGO,2007,47,151,792
Togo,TGO,2008,48,154,810
Togo,TGO,2009,50,160,843
Togo,TGO,2010,54,170,893
Togo,TGO,2011,58,184,962
Togo,TGO,2012,62,197,1026
Togo,TGO,2013,64,203,1059
Togo,TGO,2014,56,179,950
Togo,TGO,2015,40,126,699
Tonga,TON,2000,0,0,2
Tonga,TON,2001,0,0,2
Tonga,TON,2002,0,0,2
Tonga,TON,2003,0,0,2
Tonga,TON,2004,0,0,2
Tonga,TON,2005,0,0,2
Tonga,TON,2006,0,0,2
Tonga,TON,2007,0,0,2
Tonga,TON,2008,0,0,2
Tonga,TON,2009,0,0,2
Tonga,TON,2010,0,0,2
Tonga,TON,2011,0,0,2
Tonga,TON,2012,0,0,2
Tonga,TON,2013,0,0,2
Tonga,TON,2014,0,0,2
Tonga,TON,2015,0,0,2
Trinidad and Tobago,TTO,2000,2,3,4
Trinidad and Tobago,TTO,2001,1,1,5
Trinidad and Tobago,TTO,2002,1,2,7
Trinidad and Tobago,TTO,2003,3,4,14
Trinidad and Tobago,TTO,2004,1,1,11
Trinidad and Tobago,TTO,2005,2,2,10
Trinidad and Tobago,TTO,2006,2,2,7
Trinidad and Tobago,TTO,2007,1,1,10
Trinidad and Tobago,TTO,2008,2,2,6
Trinidad and Tobago,TTO,2009,1,1,6
Trinidad and Tobago,TTO,2010,1,1,7
Trinidad and Tobago,TTO,2011,1,1,7
Trinidad and Tobago,TTO,2012,1,1,6
Trinidad and Tobago,TTO,2013,1,1,5
Trinidad and Tobago,TTO,2014,1,1,4
Trinidad and Tobago,TTO,2015,1,1,3
Tunisia,TUN,2000,10,11,205
Tunisia,TUN,2001,9,10,182
Tunisia,TUN,2002,8,9,163
Tunisia,TUN,2003,14,16,159
Tunisia,TUN,2004,13,15,146
Tunisia,TUN,2005,12,14,134
Tunisia,TUN,2006,6,6,110
Tunisia,TUN,2007,5,6,102
Tunisia,TUN,2008,5,6,94
Tunisia,TUN,2009,5,5,89
Tunisia,TUN,2010,4,5,83
Tunisia,TUN,2011,6,7,80
Tunisia,TUN,2012,8,9,83
Tunisia,TUN,2013,7,8,81
Tunisia,TUN,2014,7,8,77
Tunisia,TUN,2015,6,7,72
Turkey,TUR,2000,131,147,1345
Turkey,TUR,2001,120,135,1189
Turkey,TUR,2002,110,124,1039
Turkey,TUR,2003,103,115,913
Turkey,TUR,2004,98,110,802
Turkey,TUR,2005,95,107,714
Turkey,TUR,2006,90,102,628
Turkey,TUR,2007,108,122,668
Turkey,TUR,2008,105,118,620
Turkey,TUR,2009,85,95,483
Turkey,TUR,2010,72,81,299
Turkey,TUR,2011,47,53,193
Turkey,TUR,2012,51,57,135
Turkey,TUR,2013,41,46,183
Turkey,TUR,2014,41,46,147
Turkey,TUR,2015,39,43,139
Turkmenistan,TKM,2000,20,62,497
Turkmenistan,TKM,2001,19,60,482
Turkmenistan,TKM,2002,19,60,488
Turkmenistan,TKM,2003,54,61,504
Turkmenistan,TKM,2004,55,61,514
Turkmenistan,TKM,2005,53,59,508
Turkmenistan,TKM,2006,50,56,493
Turkmenistan,TKM,2007,46,52,466
Turkmenistan,TKM,2008,42,47,431
Turkmenistan,TKM,2009,38,42,398
Turkmenistan,TKM,2010,35,39,378
Turkmenistan,TKM,2011,33,37,363
Turkmenistan,TKM,2012,31,35,358
Turkmenistan,TKM,2013,31,35,356
Turkmenistan,TKM,2014,30,34,354
Turkmenistan,TKM,2015,29,33,347
Tuvalu,TUV,2000,0,0,1
Tuvalu,TUV,2001,0,0,0
Tuvalu,TUV,2002,0,0,0
Tuvalu,TUV,2003,0,0,0
Tuvalu,TUV,2004,0,0,0
Tuvalu,TUV,2005,0,0,0
Tuvalu,TUV,2006,0,0,0
Tuvalu,TUV,2007,0,0,0
Tuvalu,TUV,2008,0,0,0
Tuvalu,TUV,2009,0,0,0
Tuvalu,TUV,2010,0,0,0
Tuvalu,TUV,2011,0,0,0
Tuvalu,TUV,2012,0,0,0
Tuvalu,TUV,2013,0,0,0
Tuvalu,TUV,2014,0,0,0
Tuvalu,TUV,2015,0,0,0
Uganda,UGA,2000,454,1443,6651
Uganda,UGA,2001,444,1411,6527
Uganda,UGA,2002,436,1386,6439
Uganda,UGA,2003,421,1340,6252
Uganda,UGA,2004,430,1366,6410
Uganda,UGA,2005,426,1354,6391
Uganda,UGA,2006,403,1280,6086
Uganda,UGA,2007,384,1223,5859
Uganda,UGA,2008,373,1188,5743
Uganda,UGA,2009,356,1134,5521
Uganda,UGA,2010,349,1109,5441
Uganda,UGA,2011,975,1095,5401
Uganda,UGA,2012,966,1085,5371
Uganda,UGA,2013,945,1061,5268
Uganda,UGA,2014,741,833,4256
Uganda,UGA,2015,624,701,3626
Ukraine,UKR,2000,19,22,235
Ukraine,UKR,2001,17,19,207
Ukraine,UKR,2002,15,17,180
Ukraine,UKR,2003,14,15,160
Ukraine,UKR,2004,12,14,144
Ukraine,UKR,2005,12,13,136
Ukraine,UKR,2006,14,15,131
Ukraine,UKR,2007,19,22,153
Ukraine,UKR,2008,21,24,160
Ukraine,UKR,2009,20,22,152
Ukraine,UKR,2010,19,21,147
Ukraine,UKR,2011,15,16,129
Ukraine,UKR,2012,17,19,129
Ukraine,UKR,2013,15,16,113
Ukraine,UKR,2014,12,14,98
Ukraine,UKR,2015,10,12,85
United Arab Emirates,ARE,2000,3,3,12
United Arab Emirates,ARE,2001,2,3,12
United Arab Emirates,ARE,2002,2,3,11
United Arab Emirates,ARE,2003,2,2,10
United Arab Emirates,ARE,2004,2,3,11
United Arab Emirates,ARE,2005,2,3,11
United Arab Emirates,ARE,2006,2,3,11
United Arab Emirates,ARE,2007,3,3,12
United Arab Emirates,ARE,2008,3,3,13
United Arab Emirates,ARE,2009,3,3,13
United Arab Emirates,ARE,2010,2,2,10
United Arab Emirates,ARE,2011,2,2,8
United Arab Emirates,ARE,2012,1,2,7
United Arab Emirates,ARE,2013,1,2,7
United Arab Emirates,ARE,2014,1,1,5
United Arab Emirates,ARE,2015,1,1,4
United Kingdom,GBR,2000,43,49,66
United Kingdom,GBR,2001,48,54,65
United Kingdom,GBR,2002,38,43,52
United Kingdom,GBR,2003,43,49,51
United Kingdom,GBR,2004,37,42,53
United Kingdom,GBR,2005,37,42,57
United Kingdom,GBR,2006,26,30,54
United Kingdom,GBR,2007,22,25,43
United Kingdom,GBR,2008,18,20,43
United Kingdom,GBR,2009,19,22,44
United Kingdom,GBR,2010,14,16,31
United Kingdom,GBR,2011,7,8,21
United Kingdom,GBR,2012,5,5,14
United Kingdom,GBR,2013,3,3,9
United Kingdom,GBR,2014,3,4,11
United Kingdom,GBR,2015,3,4,10
United States,USA,2000,155,174,375
United States,USA,2001,124,140,385
United States,USA,2002,102,114,339
United States,USA,2003,86,97,338
United States,USA,2004,77,86,285
United States,USA,2005,70,79,227
United States,USA,2006,72,81,266
United States,USA,2007,66,74,224
United States,USA,2008,60,67,246
United States,USA,2009,61,68,268
United States,USA,2010,68,77,192
United States,USA,2011,24,27,133
United States,USA,2012,16,17,81
United States,USA,2013,19,21,65
United States,USA,2014,14,16,63
United States,USA,2015,13,15,61
Uruguay,URY,2000,6,6,29
Uruguay,URY,2001,11,12,35
Uruguay,URY,2002,9,10,32
Uruguay,URY,2003,9,10,31
Uruguay,URY,2004,8,9,23
Uruguay,URY,2005,9,10,29
Uruguay,URY,2006,8,9,27
Uruguay,URY,2007,12,13,31
Uruguay,URY,2008,7,8,28
Uruguay,URY,2009,8,9,27
Uruguay,URY,2010,4,5,15
Uruguay,URY,2011,3,3,10
Uruguay,URY,2012,2,2,9
Uruguay,URY,2013,2,2,5
Uruguay,URY,2014,1,2,5
Uruguay,URY,2015,1,1,4
Uzbekistan,UZB,2000,266,299,1912
Uzbekistan,UZB,2001,250,281,1807
Uzbekistan,UZB,2002,235,264,1713
Uzbekistan,UZB,2003,220,248,1627
Uzbekistan,UZB,2004,210,236,1573
Uzbekistan,UZB,2005,200,225,1527
Uzbekistan,UZB,2006,194,218,1509
Uzbekistan,UZB,2007,189,212,1500
Uzbekistan,UZB,2008,186,209,1510
Uzbekistan,UZB,2009,183,206,1514
Uzbekistan,UZB,2010,180,202,1510
Uzbekistan,UZB,2011,175,197,1489
Uzbekistan,UZB,2012,170,190,1457
Uzbekistan,UZB,2013,163,183,1415
Uzbekistan,UZB,2014,157,177,1374
Uzbekistan,UZB,2015,149,168,1309
Vanuatu,VUT,2000,0,0,7
Vanuatu,VUT,2001,0,0,7
Vanuatu,VUT,2002,0,0,6
Vanuatu,VUT,2003,0,0,5
Vanuatu,VUT,2004,0,0,5
Vanuatu,VUT,2005,0,0,7
Vanuatu,VUT,2006,0,0,7
Vanuatu,VUT,2007,0,0,8
Vanuatu,VUT,2008,0,0,8
Vanuatu,VUT,2009,0,0,9
Vanuatu,VUT,2010,0,0,9
Vanuatu,VUT,2011,1,1,9
Vanuatu,VUT,2012,1,1,10
Vanuatu,VUT,2013,1,1,9
Vanuatu,VUT,2014,1,1,9
Vanuatu,VUT,2015,1,1,9
Venezuela,VEN,2000,53,59,277
Venezuela,VEN,2001,59,66,362
Venezuela,VEN,2002,60,67,313
Venezuela,VEN,2003,42,47,367
Venezuela,VEN,2004,62,70,382
Venezuela,VEN,2005,55,62,342
Venezuela,VEN,2006,50,56,346
Venezuela,VEN,2007,44,50,317
Venezuela,VEN,2008,46,52,298
Venezuela,VEN,2009,42,47,282
Venezuela,VEN,2010,40,45,272
Venezuela,VEN,2011,51,57,287
Venezuela,VEN,2012,46,51,273
Venezuela,VEN,2013,44,49,265
Venezuela,VEN,2014,43,48,262
Venezuela,VEN,2015,39,43,239
Vietnam,VNM,2000,181,203,2253
Vietnam,VNM,2001,171,192,2090
Vietnam,VNM,2002,172,193,2059
Vietnam,VNM,2003,176,198,2063
Vietnam,VNM,2004,178,200,2033
Vietnam,VNM,2005,177,198,1970
Vietnam,VNM,2006,172,193,1885
Vietnam,VNM,2007,162,182,1768
Vietnam,VNM,2008,150,168,1631
Vietnam,VNM,2009,138,155,1515
Vietnam,VNM,2010,216,242,1528
Vietnam,VNM,2011,251,282,1552
Vietnam,VNM,2012,242,272,1499
Vietnam,VNM,2013,223,250,1469
Vietnam,VNM,2014,226,254,1462
Vietnam,VNM,2015,225,253,1430
World,OWID_WRL,2000,33261,79231,487536
World,OWID_WRL,2001,32495,76663,472234
World,OWID_WRL,2002,31177,73697,455636
World,OWID_WRL,2003,31530,70821,438811
World,OWID_WRL,2004,31261,68456,426671
World,OWID_WRL,2005,29803,65406,408358
World,OWID_WRL,2006,30056,63542,398346
World,OWID_WRL,2007,29212,61136,386046
World,OWID_WRL,2008,29038,59283,375844
World,OWID_WRL,2009,28853,56957,363458
World,OWID_WRL,2010,28060,55844,357352
World,OWID_WRL,2011,29976,52448,338470
World,OWID_WRL,2012,27832,48675,317963
World,OWID_WRL,2013,26663,44285,292924
World,OWID_WRL,2014,23811,39634,265010
World,OWID_WRL,2015,21484,35212,237643
Yemen,YEM,2000,161,514,3924
Yemen,YEM,2001,152,484,3719
Yemen,YEM,2002,144,458,3547
Yemen,YEM,2003,138,438,3412
Yemen,YEM,2004,131,418,3277
Yemen,YEM,2005,354,397,3136
Yemen,YEM,2006,334,375,2986
Yemen,YEM,2007,315,354,2835
Yemen,YEM,2008,295,332,2667
Yemen,YEM,2009,278,313,2511
Yemen,YEM,2010,262,294,2349
Yemen,YEM,2011,194,218,1780
Yemen,YEM,2012,147,165,1345
Yemen,YEM,2013,130,146,1160
Yemen,YEM,2014,122,137,1075
Yemen,YEM,2015,67,76,641
Zambia,ZMB,2000,212,676,3828
Zambia,ZMB,2001,204,648,3720
Zambia,ZMB,2002,191,607,3543
Zambia,ZMB,2003,178,567,3356
Zambia,ZMB,2004,168,535,3209
Zambia,ZMB,2005,161,511,3101
Zambia,ZMB,2006,155,493,3029
Zambia,ZMB,2007,151,480,2988
Zambia,ZMB,2008,148,469,2966
Zambia,ZMB,2009,143,454,2921
Zambia,ZMB,2010,137,436,2863
Zambia,ZMB,2011,131,416,2786
Zambia,ZMB,2012,351,394,2672
Zambia,ZMB,2013,333,374,2551
Zambia,ZMB,2014,228,256,1834
Zambia,ZMB,2015,186,209,1509
Zimbabwe,ZWE,2000,75,240,1604
Zimbabwe,ZWE,2001,79,251,1655
Zimbabwe,ZWE,2002,84,267,1731
Zimbabwe,ZWE,2003,90,288,1821
Zimbabwe,ZWE,2004,98,312,1927
Zimbabwe,ZWE,2005,107,340,2045
Zimbabwe,ZWE,2006,115,365,2143
Zimbabwe,ZWE,2007,122,389,2234
Zimbabwe,ZWE,2008,129,410,2308
Zimbabwe,ZWE,2009,133,424,2364
Zimbabwe,ZWE,2010,136,433,2392
Zimbabwe,ZWE,2011,137,436,2409
Zimbabwe,ZWE,2012,122,389,2179
Zimbabwe,ZWE,2013,218,244,1467
Zimbabwe,ZWE,2014,190,214,1269
Zimbabwe,ZWE,2015,183,206,1168
